time,pm10,pm2_5,nitrogen_dioxide,ozone,us_aqi,cidade,estado,regiao,latitude,longitude
2025-07-01T00:00,1.3,1.2,3.9,42.0,37,Sorocaba,SP,Sudeste,-23.5015,-47.4526
2025-07-01T01:00,1.2,1.1,3.3,43.0,35,Sorocaba,SP,Sudeste,-23.5015,-47.4526
2025-07-01T02:00,1.2,1.1,2.7,44.0,33,Sorocaba,SP,Sudeste,-23.5015,-47.4526
2025-07-01T03:00,1.2,1.1,2.2,44.0,32,Sorocaba,SP,Sudeste,-23.5015,-47.4526
2025-07-01T04:00,1.0,0.9,2.0,44.0,30,Sorocaba,SP,Sudeste,-23.5015,-47.4526
2025-07-01T05:00,0.8,0.8,1.9,44.0,29,Sorocaba,SP,Sudeste,-23.5015,-47.4526
2025-07-01T06:00,0.8,0.8,2.1,44.0,27,Sorocaba,SP,Sudeste,-23.5015,-47.4526
2025-07-01T07:00,0.9,0.8,2.6,45.0,26,Sorocaba,SP,Sudeste,-23.5015,-47.4526
2025-07-01T08:00,1.1,1.0,3.3,46.0,24,Sorocaba,SP,Sudeste,-23.5015,-47.4526
2025-07-01T09:00,0.9,0.8,3.7,50.0,23,Sorocaba,SP,Sudeste,-23.5015,-47.4526
2025-07-01T10:00,0.7,0.7,3.2,52.0,22,Sorocaba,SP,Sudeste,-23.5015,-47.4526
2025-07-01T11:00,0.7,0.7,2.5,55.0,21,Sorocaba,SP,Sudeste,-23.5015,-47.4526
2025-07-01T12:00,1.0,0.9,2.0,57.0,22,Sorocaba,SP,Sudeste,-23.5015,-47.4526
2025-07-01T13:00,1.4,1.3,1.9,58.0,23,Sorocaba,SP,Sudeste,-23.5015,-47.4526
2025-07-01T14:00,1.8,1.7,2.0,59.0,24,Sorocaba,SP,Sudeste,-23.5015,-47.4526
2025-07-01T15:00,2.1,1.9,2.5,58.0,24,Sorocaba,SP,Sudeste,-23.5015,-47.4526
2025-07-01T16:00,2.2,2.0,3.7,53.0,25,Sorocaba,SP,Sudeste,-23.5015,-47.4526
2025-07-01T17:00,2.1,1.9,5.3,47.0,26,Sorocaba,SP,Sudeste,-23.5015,-47.4526
2025-07-01T18:00,2.1,1.9,6.3,42.0,25,Sorocaba,SP,Sudeste,-23.5015,-47.4526
2025-07-01T19:00,2.1,1.9,6.4,40.0,25,Sorocaba,SP,Sudeste,-23.5015,-47.4526
2025-07-01T20:00,2.2,1.9,5.9,40.0,24,Sorocaba,SP,Sudeste,-23.5015,-47.4526
2025-07-01T21:00,2.2,1.9,4.1,43.0,23,Sorocaba,SP,Sudeste,-23.5015,-47.4526
2025-07-01T22:00,1.8,1.5,3.8,44.0,22,Sorocaba,SP,Sudeste,-23.5015,-47.4526
2025-07-01T23:00,1.7,1.4,3.3,46.0,21,Sorocaba,SP,Sudeste,-23.5015,-47.4526
2025-07-02T00:00,1.5,1.3,2.9,48.0,21,Sorocaba,SP,Sudeste,-23.5015,-47.4526
2025-07-02T01:00,1.6,1.3,2.4,50.0,20,Sorocaba,SP,Sudeste,-23.5015,-47.4526
2025-07-02T02:00,1.8,1.5,2.0,52.0,20,Sorocaba,SP,Sudeste,-23.5015,-47.4526
2025-07-02T03:00,2.1,1.7,1.7,53.0,21,Sorocaba,SP,Sudeste,-23.5015,-47.4526
2025-07-02T04:00,2.4,2.0,1.6,53.0,22,Sorocaba,SP,Sudeste,-23.5015,-47.4526
2025-07-02T05:00,2.6,2.1,1.7,53.0,23,Sorocaba,SP,Sudeste,-23.5015,-47.4526
2025-07-02T06:00,2.6,2.2,2.0,53.0,23,Sorocaba,SP,Sudeste,-23.5015,-47.4526
2025-07-02T07:00,3.4,2.7,2.6,53.0,24,Sorocaba,SP,Sudeste,-23.5015,-47.4526
2025-07-02T08:00,3.9,3.2,3.3,54.0,24,Sorocaba,SP,Sudeste,-23.5015,-47.4526
2025-07-02T09:00,3.6,2.9,3.6,55.0,24,Sorocaba,SP,Sudeste,-23.5015,-47.4526
2025-07-02T10:00,3.8,3.1,3.1,57.0,25,Sorocaba,SP,Sudeste,-23.5015,-47.4526
2025-07-02T11:00,3.1,2.7,2.4,60.0,25,Sorocaba,SP,Sudeste,-23.5015,-47.4526
2025-07-02T12:00,2.6,2.3,2.0,63.0,25,Sorocaba,SP,Sudeste,-23.5015,-47.4526
2025-07-02T13:00,2.4,2.3,1.9,65.0,26,Sorocaba,SP,Sudeste,-23.5015,-47.4526
2025-07-02T14:00,2.2,2.2,2.1,66.0,27,Sorocaba,SP,Sudeste,-23.5015,-47.4526
2025-07-02T15:00,2.1,2.0,2.6,65.0,27,Sorocaba,SP,Sudeste,-23.5015,-47.4526
2025-07-02T16:00,1.9,1.8,3.7,61.0,28,Sorocaba,SP,Sudeste,-23.5015,-47.4526
2025-07-02T17:00,1.7,1.7,5.2,55.0,29,Sorocaba,SP,Sudeste,-23.5015,-47.4526
2025-07-02T18:00,1.9,1.8,6.0,51.0,29,Sorocaba,SP,Sudeste,-23.5015,-47.4526
2025-07-02T19:00,2.0,1.8,5.6,49.0,28,Sorocaba,SP,Sudeste,-23.5015,-47.4526
2025-07-02T20:00,2.3,1.9,4.7,48.0,28,Sorocaba,SP,Sudeste,-23.5015,-47.4526
2025-07-02T21:00,2.3,2.0,3.3,48.0,27,Sorocaba,SP,Sudeste,-23.5015,-47.4526
2025-07-02T22:00,2.4,2.1,3.2,48.0,26,Sorocaba,SP,Sudeste,-23.5015,-47.4526
2025-07-02T23:00,2.5,2.1,3.0,48.0,25,Sorocaba,SP,Sudeste,-23.5015,-47.4526
2025-07-03T00:00,2.6,2.2,2.8,48.0,24,Sorocaba,SP,Sudeste,-23.5015,-47.4526
2025-07-03T01:00,2.6,2.2,2.6,47.0,23,Sorocaba,SP,Sudeste,-23.5015,-47.4526
2025-07-03T02:00,2.7,2.2,2.5,46.0,22,Sorocaba,SP,Sudeste,-23.5015,-47.4526
2025-07-03T03:00,2.6,2.2,2.4,45.0,22,Sorocaba,SP,Sudeste,-23.5015,-47.4526
2025-07-03T04:00,2.5,2.1,2.4,44.0,22,Sorocaba,SP,Sudeste,-23.5015,-47.4526
2025-07-03T05:00,2.7,2.2,2.6,43.0,22,Sorocaba,SP,Sudeste,-23.5015,-47.4526
2025-07-03T06:00,3.2,2.6,2.8,44.0,21,Sorocaba,SP,Sudeste,-23.5015,-47.4526
2025-07-03T07:00,4.0,3.3,3.2,47.0,21,Sorocaba,SP,Sudeste,-23.5015,-47.4526
2025-07-03T08:00,5.1,4.0,3.7,51.0,21,Sorocaba,SP,Sudeste,-23.5015,-47.4526
2025-07-03T09:00,3.1,2.6,4.2,54.0,21,Sorocaba,SP,Sudeste,-23.5015,-47.4526
2025-07-03T10:00,2.3,1.9,3.7,56.0,22,Sorocaba,SP,Sudeste,-23.5015,-47.4526
2025-07-03T11:00,2.0,1.6,3.0,59.0,22,Sorocaba,SP,Sudeste,-23.5015,-47.4526
2025-07-03T12:00,2.1,1.7,2.6,60.0,23,Sorocaba,SP,Sudeste,-23.5015,-47.4526
2025-07-03T13:00,2.5,2.0,2.6,59.0,24,Sorocaba,SP,Sudeste,-23.5015,-47.4526
2025-07-03T14:00,2.7,2.2,2.8,57.0,25,Sorocaba,SP,Sudeste,-23.5015,-47.4526
2025-07-03T15:00,2.6,2.1,3.3,55.0,26,Sorocaba,SP,Sudeste,-23.5015,-47.4526
2025-07-03T16:00,2.5,2.1,4.5,52.0,26,Sorocaba,SP,Sudeste,-23.5015,-47.4526
2025-07-03T17:00,2.6,2.2,5.9,48.0,26,Sorocaba,SP,Sudeste,-23.5015,-47.4526
2025-07-03T18:00,2.9,2.5,6.8,45.0,26,Sorocaba,SP,Sudeste,-23.5015,-47.4526
2025-07-03T19:00,2.9,2.5,6.5,44.0,25,Sorocaba,SP,Sudeste,-23.5015,-47.4526
2025-07-03T20:00,2.7,2.3,5.7,45.0,24,Sorocaba,SP,Sudeste,-23.5015,-47.4526
2025-07-03T21:00,3.2,2.8,6.2,39.0,23,Sorocaba,SP,Sudeste,-23.5015,-47.4526
2025-07-03T22:00,2.8,2.3,5.5,41.0,22,Sorocaba,SP,Sudeste,-23.5015,-47.4526
2025-07-03T23:00,2.4,2.0,4.4,44.0,21,Sorocaba,SP,Sudeste,-23.5015,-47.4526
2025-07-04T00:00,2.3,1.8,3.6,46.0,21,Sorocaba,SP,Sudeste,-23.5015,-47.4526
2025-07-04T01:00,2.6,2.1,3.1,45.0,20,Sorocaba,SP,Sudeste,-23.5015,-47.4526
2025-07-04T02:00,2.9,2.3,2.8,44.0,20,Sorocaba,SP,Sudeste,-23.5015,-47.4526
2025-07-04T03:00,3.0,2.4,2.6,42.0,20,Sorocaba,SP,Sudeste,-23.5015,-47.4526
2025-07-04T04:00,2.9,2.3,2.5,41.0,20,Sorocaba,SP,Sudeste,-23.5015,-47.4526
2025-07-04T05:00,2.8,2.3,2.6,40.0,20,Sorocaba,SP,Sudeste,-23.5015,-47.4526
2025-07-04T06:00,2.7,2.2,2.8,40.0,20,Sorocaba,SP,Sudeste,-23.5015,-47.4526
2025-07-04T07:00,2.8,2.4,3.2,42.0,20,Sorocaba,SP,Sudeste,-23.5015,-47.4526
2025-07-04T08:00,2.9,2.4,3.8,46.0,20,Sorocaba,SP,Sudeste,-23.5015,-47.4526
2025-07-04T09:00,2.8,2.4,5.7,42.0,20,Sorocaba,SP,Sudeste,-23.5015,-47.4526
2025-07-04T10:00,2.4,2.1,5.0,50.0,20,Sorocaba,SP,Sudeste,-23.5015,-47.4526
2025-07-04T11:00,2.7,2.4,4.0,60.0,20,Sorocaba,SP,Sudeste,-23.5015,-47.4526
2025-07-04T12:00,3.0,2.8,3.2,69.0,21,Sorocaba,SP,Sudeste,-23.5015,-47.4526
2025-07-04T13:00,3.5,3.3,2.8,75.0,23,Sorocaba,SP,Sudeste,-23.5015,-47.4526
2025-07-04T14:00,3.9,3.7,2.6,79.0,25,Sorocaba,SP,Sudeste,-23.5015,-47.4526
2025-07-04T15:00,4.1,3.9,3.0,79.0,27,Sorocaba,SP,Sudeste,-23.5015,-47.4526
2025-07-04T16:00,4.0,3.8,4.6,74.0,29,Sorocaba,SP,Sudeste,-23.5015,-47.4526
2025-07-04T17:00,4.4,4.0,6.8,65.0,31,Sorocaba,SP,Sudeste,-23.5015,-47.4526
2025-07-04T18:00,4.5,4.1,8.3,58.0,32,Sorocaba,SP,Sudeste,-23.5015,-47.4526
2025-07-04T19:00,4.2,3.8,8.5,53.0,32,Sorocaba,SP,Sudeste,-23.5015,-47.4526
2025-07-04T20:00,4.6,4.0,8.0,49.0,32,Sorocaba,SP,Sudeste,-23.5015,-47.4526
2025-07-04T21:00,5.3,4.3,7.1,46.0,31,Sorocaba,SP,Sudeste,-23.5015,-47.4526
2025-07-04T22:00,5.9,4.8,7.2,46.0,29,Sorocaba,SP,Sudeste,-23.5015,-47.4526
2025-07-04T23:00,6.5,5.6,7.3,47.0,27,Sorocaba,SP,Sudeste,-23.5015,-47.4526
2025-07-05T00:00,7.2,6.3,7.3,47.0,25,Sorocaba,SP,Sudeste,-23.5015,-47.4526
2025-07-05T01:00,7.6,6.8,7.2,47.0,24,Sorocaba,SP,Sudeste,-23.5015,-47.4526
2025-07-05T02:00,7.9,7.0,7.0,46.0,23,Sorocaba,SP,Sudeste,-23.5015,-47.4526
2025-07-05T03:00,8.2,7.3,7.0,45.0,22,Sorocaba,SP,Sudeste,-23.5015,-47.4526
2025-07-05T04:00,8.4,7.5,7.4,43.0,22,Sorocaba,SP,Sudeste,-23.5015,-47.4526
2025-07-05T05:00,8.7,7.9,8.1,40.0,23,Sorocaba,SP,Sudeste,-23.5015,-47.4526
2025-07-05T06:00,9.5,8.8,8.6,39.0,24,Sorocaba,SP,Sudeste,-23.5015,-47.4526
2025-07-05T07:00,10.8,10.4,8.9,40.0,26,Sorocaba,SP,Sudeste,-23.5015,-47.4526
2025-07-05T08:00,11.6,11.2,9.1,43.0,28,Sorocaba,SP,Sudeste,-23.5015,-47.4526
2025-07-05T09:00,11.0,10.5,8.8,49.0,30,Sorocaba,SP,Sudeste,-23.5015,-47.4526
2025-07-05T10:00,10.0,9.6,7.5,61.0,32,Sorocaba,SP,Sudeste,-23.5015,-47.4526
2025-07-05T11:00,9.7,9.3,5.6,78.0,33,Sorocaba,SP,Sudeste,-23.5015,-47.4526
2025-07-05T12:00,9.5,9.2,4.1,92.0,35,Sorocaba,SP,Sudeste,-23.5015,-47.4526
2025-07-05T13:00,8.6,8.3,2.3,103.0,36,Sorocaba,SP,Sudeste,-23.5015,-47.4526
2025-07-05T14:00,7.2,7.0,0.9,113.0,38,Sorocaba,SP,Sudeste,-23.5015,-47.4526
2025-07-05T15:00,6.5,6.3,2.2,114.0,38,Sorocaba,SP,Sudeste,-23.5015,-47.4526
2025-07-05T16:00,6.1,5.9,8.1,103.0,39,Sorocaba,SP,Sudeste,-23.5015,-47.4526
2025-07-05T17:00,6.3,6.2,16.8,85.0,41,Sorocaba,SP,Sudeste,-23.5015,-47.4526
2025-07-05T18:00,10.6,10.4,25.0,67.0,43,Sorocaba,SP,Sudeste,-23.5015,-47.4526
2025-07-05T19:00,15.9,15.7,32.4,51.0,44,Sorocaba,SP,Sudeste,-23.5015,-47.4526
2025-07-05T20:00,18.4,18.2,39.2,35.0,44,Sorocaba,SP,Sudeste,-23.5015,-47.4526
2025-07-05T21:00,20.4,19.7,40.4,19.0,47,Sorocaba,SP,Sudeste,-23.5015,-47.4526
2025-07-05T22:00,21.2,20.6,39.9,17.0,50,Sorocaba,SP,Sudeste,-23.5015,-47.4526
2025-07-05T23:00,22.5,21.8,39.1,14.0,52,Sorocaba,SP,Sudeste,-23.5015,-47.4526
2025-07-06T00:00,24.3,23.6,37.9,11.0,53,Sorocaba,SP,Sudeste,-23.5015,-47.4526
2025-07-06T01:00,26.5,25.8,36.7,8.0,54,Sorocaba,SP,Sudeste,-23.5015,-47.4526
2025-07-06T02:00,28.1,27.5,35.1,6.0,56,Sorocaba,SP,Sudeste,-23.5015,-47.4526
2025-07-06T03:00,29.2,28.6,32.2,7.0,57,Sorocaba,SP,Sudeste,-23.5015,-47.4526
2025-07-06T04:00,29.3,28.7,26.7,16.0,59,Sorocaba,SP,Sudeste,-23.5015,-47.4526
2025-07-06T05:00,27.5,26.9,19.8,28.0,61,Sorocaba,SP,Sudeste,-23.5015,-47.4526
2025-07-06T06:00,22.8,22.2,14.9,38.0,62,Sorocaba,SP,Sudeste,-23.5015,-47.4526
2025-07-06T07:00,23.3,22.8,14.0,39.0,63,Sorocaba,SP,Sudeste,-23.5015,-47.4526
2025-07-06T08:00,22.9,22.5,14.9,38.0,64,Sorocaba,SP,Sudeste,-23.5015,-47.4526
2025-07-06T09:00,16.3,16.2,14.8,31.0,65,Sorocaba,SP,Sudeste,-23.5015,-47.4526
2025-07-06T10:00,10.7,10.1,10.9,48.0,65,Sorocaba,SP,Sudeste,-23.5015,-47.4526
2025-07-06T11:00,7.5,6.6,5.5,71.0,66,Sorocaba,SP,Sudeste,-23.5015,-47.4526
2025-07-06T12:00,7.1,6.3,1.5,87.0,65,Sorocaba,SP,Sudeste,-23.5015,-47.4526
2025-07-06T13:00,6.7,6.0,0.2,91.0,65,Sorocaba,SP,Sudeste,-23.5015,-47.4526
2025-07-06T14:00,6.2,5.6,0.4,89.0,65,Sorocaba,SP,Sudeste,-23.5015,-47.4526
2025-07-06T15:00,5.6,5.0,1.3,84.0,65,Sorocaba,SP,Sudeste,-23.5015,-47.4526
2025-07-06T16:00,5.0,4.5,3.2,76.0,65,Sorocaba,SP,Sudeste,-23.5015,-47.4526
2025-07-06T17:00,4.7,4.1,5.7,65.0,65,Sorocaba,SP,Sudeste,-23.5015,-47.4526
2025-07-06T18:00,5.3,4.6,7.5,57.0,64,Sorocaba,SP,Sudeste,-23.5015,-47.4526
2025-07-06T19:00,5.6,4.7,7.7,53.0,64,Sorocaba,SP,Sudeste,-23.5015,-47.4526
2025-07-06T20:00,6.4,5.2,7.1,51.0,63,Sorocaba,SP,Sudeste,-23.5015,-47.4526
2025-07-06T21:00,7.1,5.8,7.3,46.0,62,Sorocaba,SP,Sudeste,-23.5015,-47.4526
2025-07-06T22:00,7.7,6.2,6.7,50.0,61,Sorocaba,SP,Sudeste,-23.5015,-47.4526
2025-07-06T23:00,7.9,6.3,5.8,56.0,60,Sorocaba,SP,Sudeste,-23.5015,-47.4526
2025-07-07T00:00,8.0,6.5,5.0,61.0,59,Sorocaba,SP,Sudeste,-23.5015,-47.4526
2025-07-07T01:00,8.2,6.8,4.3,63.0,57,Sorocaba,SP,Sudeste,-23.5015,-47.4526
2025-07-07T02:00,8.4,7.1,3.6,64.0,56,Sorocaba,SP,Sudeste,-23.5015,-47.4526
2025-07-07T03:00,8.5,7.2,3.2,64.0,54,Sorocaba,SP,Sudeste,-23.5015,-47.4526
2025-07-07T04:00,8.2,7.0,3.1,63.0,53,Sorocaba,SP,Sudeste,-23.5015,-47.4526
2025-07-07T05:00,8.1,7.0,3.2,62.0,51,Sorocaba,SP,Sudeste,-23.5015,-47.4526
2025-07-07T06:00,8.3,7.1,3.6,61.0,48,Sorocaba,SP,Sudeste,-23.5015,-47.4526
2025-07-07T07:00,8.8,7.7,4.5,61.0,44,Sorocaba,SP,Sudeste,-23.5015,-47.4526
2025-07-07T08:00,10.0,8.5,5.6,63.0,41,Sorocaba,SP,Sudeste,-23.5015,-47.4526
2025-07-07T09:00,9.1,7.9,6.3,67.0,38,Sorocaba,SP,Sudeste,-23.5015,-47.4526
2025-07-07T10:00,8.6,7.9,5.6,77.0,36,Sorocaba,SP,Sudeste,-23.5015,-47.4526
2025-07-07T11:00,9.1,8.5,4.7,92.0,35,Sorocaba,SP,Sudeste,-23.5015,-47.4526
2025-07-07T12:00,10.0,9.4,3.9,106.0,36,Sorocaba,SP,Sudeste,-23.5015,-47.4526
2025-07-07T13:00,10.5,10.1,2.9,122.0,36,Sorocaba,SP,Sudeste,-23.5015,-47.4526
2025-07-07T14:00,10.9,10.5,2.0,138.0,38,Sorocaba,SP,Sudeste,-23.5015,-47.4526
2025-07-07T15:00,11.1,10.8,2.8,143.0,42,Sorocaba,SP,Sudeste,-23.5015,-47.4526
2025-07-07T16:00,11.2,10.9,7.0,130.0,47,Sorocaba,SP,Sudeste,-23.5015,-47.4526
2025-07-07T17:00,11.1,10.8,13.0,106.0,53,Sorocaba,SP,Sudeste,-23.5015,-47.4526
2025-07-07T18:00,12.9,12.6,16.9,85.0,61,Sorocaba,SP,Sudeste,-23.5015,-47.4526
2025-07-07T19:00,12.0,11.7,16.8,71.0,63,Sorocaba,SP,Sudeste,-23.5015,-47.4526
2025-07-07T20:00,10.7,10.2,14.7,59.0,58,Sorocaba,SP,Sudeste,-23.5015,-47.4526
2025-07-07T21:00,9.1,8.0,14.2,45.0,50,Sorocaba,SP,Sudeste,-23.5015,-47.4526
2025-07-07T22:00,10.8,9.4,14.6,41.0,48,Sorocaba,SP,Sudeste,-23.5015,-47.4526
2025-07-07T23:00,12.7,11.1,15.1,36.0,49,Sorocaba,SP,Sudeste,-23.5015,-47.4526
2025-07-08T00:00,14.7,13.0,15.4,31.0,50,Sorocaba,SP,Sudeste,-23.5015,-47.4526
2025-07-08T01:00,16.6,14.8,15.1,28.0,50,Sorocaba,SP,Sudeste,-23.5015,-47.4526
2025-07-08T02:00,19.1,17.2,14.6,26.0,51,Sorocaba,SP,Sudeste,-23.5015,-47.4526
2025-07-08T03:00,22.4,20.7,14.3,26.0,52,Sorocaba,SP,Sudeste,-23.5015,-47.4526
2025-07-08T04:00,25.8,24.9,14.3,29.0,53,Sorocaba,SP,Sudeste,-23.5015,-47.4526
2025-07-08T05:00,28.8,27.9,14.4,33.0,54,Sorocaba,SP,Sudeste,-23.5015,-47.4526
2025-07-08T06:00,31.1,30.4,14.7,39.0,56,Sorocaba,SP,Sudeste,-23.5015,-47.4526
2025-07-08T07:00,33.3,32.7,15.9,43.0,58,Sorocaba,SP,Sudeste,-23.5015,-47.4526
2025-07-08T08:00,34.3,34.0,17.3,49.0,60,Sorocaba,SP,Sudeste,-23.5015,-47.4526
2025-07-08T09:00,33.9,33.3,13.4,63.0,62,Sorocaba,SP,Sudeste,-23.5015,-47.4526
2025-07-08T10:00,29.9,29.4,10.1,80.0,64,Sorocaba,SP,Sudeste,-23.5015,-47.4526
2025-07-08T11:00,17.2,16.8,5.6,103.0,65,Sorocaba,SP,Sudeste,-23.5015,-47.4526
2025-07-08T12:00,10.5,10.2,2.3,118.0,66,Sorocaba,SP,Sudeste,-23.5015,-47.4526
2025-07-08T13:00,8.5,8.2,0.5,120.0,66,Sorocaba,SP,Sudeste,-23.5015,-47.4526
2025-07-08T14:00,7.8,7.5,0.0,115.0,66,Sorocaba,SP,Sudeste,-23.5015,-47.4526
2025-07-08T15:00,7.3,7.0,1.7,106.0,66,Sorocaba,SP,Sudeste,-23.5015,-47.4526
2025-07-08T16:00,6.9,6.6,7.9,91.0,65,Sorocaba,SP,Sudeste,-23.5015,-47.4526
2025-07-08T17:00,7.1,6.8,16.4,71.0,65,Sorocaba,SP,Sudeste,-23.5015,-47.4526
2025-07-08T18:00,10.0,9.7,22.8,55.0,65,Sorocaba,SP,Sudeste,-23.5015,-47.4526
2025-07-08T19:00,11.9,11.6,25.0,44.0,65,Sorocaba,SP,Sudeste,-23.5015,-47.4526
2025-07-08T20:00,11.6,11.3,25.1,36.0,65,Sorocaba,SP,Sudeste,-23.5015,-47.4526
2025-07-08T21:00,7.0,6.8,16.2,38.0,65,Sorocaba,SP,Sudeste,-23.5015,-47.4526
2025-07-08T22:00,7.5,7.3,14.8,39.0,65,Sorocaba,SP,Sudeste,-23.5015,-47.4526
2025-07-08T23:00,8.0,7.9,12.8,41.0,64,Sorocaba,SP,Sudeste,-23.5015,-47.4526
2025-07-09T00:00,8.2,8.1,10.8,44.0,64,Sorocaba,SP,Sudeste,-23.5015,-47.4526
2025-07-09T01:00,8.3,8.1,8.7,48.0,64,Sorocaba,SP,Sudeste,-23.5015,-47.4526
2025-07-09T02:00,8.6,8.5,6.6,53.0,63,Sorocaba,SP,Sudeste,-23.5015,-47.4526
2025-07-09T03:00,9.3,9.2,5.1,57.0,63,Sorocaba,SP,Sudeste,-23.5015,-47.4526
2025-07-09T04:00,9.8,9.7,4.5,60.0,62,Sorocaba,SP,Sudeste,-23.5015,-47.4526
2025-07-09T05:00,10.4,10.2,4.4,62.0,60,Sorocaba,SP,Sudeste,-23.5015,-47.4526
2025-07-09T06:00,11.0,10.8,4.5,65.0,59,Sorocaba,SP,Sudeste,-23.5015,-47.4526
2025-07-09T07:00,12.2,11.8,4.8,70.0,58,Sorocaba,SP,Sudeste,-23.5015,-47.4526
2025-07-09T08:00,13.0,12.6,5.3,75.0,56,Sorocaba,SP,Sudeste,-23.5015,-47.4526
2025-07-09T09:00,12.0,11.1,5.9,78.0,54,Sorocaba,SP,Sudeste,-23.5015,-47.4526
2025-07-09T10:00,8.6,7.4,4.7,82.0,52,Sorocaba,SP,Sudeste,-23.5015,-47.4526
2025-07-09T11:00,7.8,6.6,3.0,88.0,51,Sorocaba,SP,Sudeste,-23.5015,-47.4526
2025-07-09T12:00,7.7,6.5,1.8,93.0,50,Sorocaba,SP,Sudeste,-23.5015,-47.4526
2025-07-09T13:00,7.5,6.5,1.3,98.0,49,Sorocaba,SP,Sudeste,-23.5015,-47.4526
2025-07-09T14:00,7.5,6.5,1.3,102.0,49,Sorocaba,SP,Sudeste,-23.5015,-47.4526
2025-07-09T15:00,7.7,6.7,1.8,102.0,48,Sorocaba,SP,Sudeste,-23.5015,-47.4526
2025-07-09T16:00,7.7,6.6,3.3,95.0,48,Sorocaba,SP,Sudeste,-23.5015,-47.4526
2025-07-09T17:00,7.2,6.2,5.3,83.0,48,Sorocaba,SP,Sudeste,-23.5015,-47.4526
2025-07-09T18:00,6.6,5.7,6.7,72.0,48,Sorocaba,SP,Sudeste,-23.5015,-47.4526
2025-07-09T19:00,6.4,5.3,7.1,64.0,47,Sorocaba,SP,Sudeste,-23.5015,-47.4526
2025-07-09T20:00,6.4,5.2,6.9,56.0,46,Sorocaba,SP,Sudeste,-23.5015,-47.4526
2025-07-09T21:00,8.3,6.5,7.1,51.0,44,Sorocaba,SP,Sudeste,-23.5015,-47.4526
2025-07-09T22:00,9.1,7.3,6.9,52.0,44,Sorocaba,SP,Sudeste,-23.5015,-47.4526
2025-07-09T23:00,10.2,8.2,6.5,53.0,44,Sorocaba,SP,Sudeste,-23.5015,-47.4526
2025-07-10T00:00,11.1,9.3,6.2,53.0,44,Sorocaba,SP,Sudeste,-23.5015,-47.4526
2025-07-10T01:00,11.6,10.0,6.0,52.0,45,Sorocaba,SP,Sudeste,-23.5015,-47.4526
2025-07-10T02:00,11.9,10.4,5.8,51.0,45,Sorocaba,SP,Sudeste,-23.5015,-47.4526
2025-07-10T03:00,11.8,10.3,5.7,50.0,45,Sorocaba,SP,Sudeste,-23.5015,-47.4526
2025-07-10T04:00,11.6,10.1,5.8,48.0,46,Sorocaba,SP,Sudeste,-23.5015,-47.4526
2025-07-10T05:00,11.2,10.0,6.1,45.0,46,Sorocaba,SP,Sudeste,-23.5015,-47.4526
2025-07-10T06:00,11.0,9.9,6.5,45.0,46,Sorocaba,SP,Sudeste,-23.5015,-47.4526
2025-07-10T07:00,12.1,10.9,7.5,48.0,46,Sorocaba,SP,Sudeste,-23.5015,-47.4526
2025-07-10T08:00,13.8,12.2,8.7,53.0,45,Sorocaba,SP,Sudeste,-23.5015,-47.4526
2025-07-10T09:00,13.2,11.8,9.6,62.0,45,Sorocaba,SP,Sudeste,-23.5015,-47.4526
2025-07-10T10:00,13.0,12.4,8.1,79.0,45,Sorocaba,SP,Sudeste,-23.5015,-47.4526
2025-07-10T11:00,13.4,12.9,6.1,103.0,47,Sorocaba,SP,Sudeste,-23.5015,-47.4526
2025-07-10T12:00,13.8,13.4,4.4,122.0,48,Sorocaba,SP,Sudeste,-23.5015,-47.4526
2025-07-10T13:00,13.0,12.7,3.2,131.0,50,Sorocaba,SP,Sudeste,-23.5015,-47.4526
2025-07-10T14:00,11.9,11.7,2.3,135.0,50,Sorocaba,SP,Sudeste,-23.5015,-47.4526
2025-07-10T15:00,11.8,11.6,2.6,133.0,51,Sorocaba,SP,Sudeste,-23.5015,-47.4526
2025-07-10T16:00,12.5,12.3,5.2,123.0,51,Sorocaba,SP,Sudeste,-23.5015,-47.4526
2025-07-10T17:00,13.5,13.2,9.0,108.0,55,Sorocaba,SP,Sudeste,-23.5015,-47.4526
2025-07-10T18:00,14.7,14.3,11.4,94.0,65,Sorocaba,SP,Sudeste,-23.5015,-47.4526
2025-07-10T19:00,14.3,13.8,11.0,83.0,68,Sorocaba,SP,Sudeste,-23.5015,-47.4526
2025-07-10T20:00,14.6,14.1,9.3,74.0,64,Sorocaba,SP,Sudeste,-23.5015,-47.4526
2025-07-10T21:00,14.6,13.9,7.8,63.0,54,Sorocaba,SP,Sudeste,-23.5015,-47.4526
2025-07-10T22:00,14.2,13.5,7.1,64.0,55,Sorocaba,SP,Sudeste,-23.5015,-47.4526
2025-07-10T23:00,13.5,12.7,6.3,65.0,55,Sorocaba,SP,Sudeste,-23.5015,-47.4526
2025-07-11T00:00,13.0,12.3,5.8,64.0,56,Sorocaba,SP,Sudeste,-23.5015,-47.4526
2025-07-11T01:00,13.0,12.3,6.0,61.0,56,Sorocaba,SP,Sudeste,-23.5015,-47.4526
2025-07-11T02:00,13.4,12.7,6.6,56.0,56,Sorocaba,SP,Sudeste,-23.5015,-47.4526
2025-07-11T03:00,13.9,13.3,7.5,51.0,56,Sorocaba,SP,Sudeste,-23.5015,-47.4526
2025-07-11T04:00,14.7,14.2,8.9,47.0,56,Sorocaba,SP,Sudeste,-23.5015,-47.4526
2025-07-11T05:00,16.2,15.7,10.5,43.0,57,Sorocaba,SP,Sudeste,-23.5015,-47.4526
2025-07-11T06:00,18.2,17.8,11.9,42.0,57,Sorocaba,SP,Sudeste,-23.5015,-47.4526
2025-07-11T07:00,20.7,20.3,13.0,43.0,58,Sorocaba,SP,Sudeste,-23.5015,-47.4526
2025-07-11T08:00,22.3,21.9,13.8,47.0,59,Sorocaba,SP,Sudeste,-23.5015,-47.4526
2025-07-11T09:00,17.6,17.3,13.0,56.0,59,Sorocaba,SP,Sudeste,-23.5015,-47.4526
2025-07-11T10:00,15.5,15.4,10.5,73.0,60,Sorocaba,SP,Sudeste,-23.5015,-47.4526
2025-07-11T11:00,10.6,10.5,7.1,97.0,60,Sorocaba,SP,Sudeste,-23.5015,-47.4526
2025-07-11T12:00,9.5,9.3,4.4,115.0,60,Sorocaba,SP,Sudeste,-23.5015,-47.4526
2025-07-11T13:00,8.3,8.1,2.4,121.0,59,Sorocaba,SP,Sudeste,-23.5015,-47.4526
2025-07-11T14:00,7.1,6.9,1.0,121.0,59,Sorocaba,SP,Sudeste,-23.5015,-47.4526
2025-07-11T15:00,7.0,6.7,2.0,116.0,59,Sorocaba,SP,Sudeste,-23.5015,-47.4526
2025-07-11T16:00,7.0,6.8,7.7,104.0,58,Sorocaba,SP,Sudeste,-23.5015,-47.4526
2025-07-11T17:00,7.9,7.7,15.8,87.0,58,Sorocaba,SP,Sudeste,-23.5015,-47.4526
2025-07-11T18:00,11.0,10.8,20.6,73.0,58,Sorocaba,SP,Sudeste,-23.5015,-47.4526
2025-07-11T19:00,11.7,11.5,19.0,66.0,57,Sorocaba,SP,Sudeste,-23.5015,-47.4526
2025-07-11T20:00,10.7,10.5,14.2,62.0,57,Sorocaba,SP,Sudeste,-23.5015,-47.4526
2025-07-11T21:00,11.5,11.1,10.3,55.0,57,Sorocaba,SP,Sudeste,-23.5015,-47.4526
2025-07-11T22:00,12.9,12.5,9.4,58.0,57,Sorocaba,SP,Sudeste,-23.5015,-47.4526
2025-07-11T23:00,14.8,14.4,8.1,63.0,56,Sorocaba,SP,Sudeste,-23.5015,-47.4526
2025-07-12T00:00,17.0,16.6,7.3,66.0,57,Sorocaba,SP,Sudeste,-23.5015,-47.4526
2025-07-12T01:00,19.4,19.2,7.2,67.0,57,Sorocaba,SP,Sudeste,-23.5015,-47.4526
2025-07-12T02:00,21.3,21.1,7.5,66.0,57,Sorocaba,SP,Sudeste,-23.5015,-47.4526
2025-07-12T03:00,22.4,22.3,8.0,65.0,58,Sorocaba,SP,Sudeste,-23.5015,-47.4526
2025-07-12T04:00,22.9,22.8,8.4,62.0,59,Sorocaba,SP,Sudeste,-23.5015,-47.4526
2025-07-12T05:00,23.2,23.1,8.9,58.0,60,Sorocaba,SP,Sudeste,-23.5015,-47.4526
2025-07-12T06:00,23.6,23.6,9.8,55.0,60,Sorocaba,SP,Sudeste,-23.5015,-47.4526
2025-07-12T07:00,24.9,24.9,11.7,53.0,61,Sorocaba,SP,Sudeste,-23.5015,-47.4526
2025-07-12T08:00,26.1,26.0,14.0,53.0,61,Sorocaba,SP,Sudeste,-23.5015,-47.4526
2025-07-12T09:00,19.2,19.2,13.8,65.0,61,Sorocaba,SP,Sudeste,-23.5015,-47.4526
2025-07-12T10:00,16.2,16.1,11.1,81.0,61,Sorocaba,SP,Sudeste,-23.5015,-47.4526
2025-07-12T11:00,15.5,15.3,7.3,104.0,61,Sorocaba,SP,Sudeste,-23.5015,-47.4526
2025-07-12T12:00,19.2,18.6,4.5,122.0,62,Sorocaba,SP,Sudeste,-23.5015,-47.4526
2025-07-12T13:00,15.9,15.4,3.3,131.0,63,Sorocaba,SP,Sudeste,-23.5015,-47.4526
2025-07-12T14:00,16.5,16.0,3.0,135.0,63,Sorocaba,SP,Sudeste,-23.5015,-47.4526
2025-07-12T15:00,18.5,18.0,3.6,134.0,64,Sorocaba,SP,Sudeste,-23.5015,-47.4526
2025-07-12T16:00,20.3,19.8,5.6,126.0,65,Sorocaba,SP,Sudeste,-23.5015,-47.4526
2025-07-12T17:00,19.6,19.1,8.5,112.0,66,Sorocaba,SP,Sudeste,-23.5015,-47.4526
2025-07-12T18:00,17.9,17.5,10.4,100.0,68,Sorocaba,SP,Sudeste,-23.5015,-47.4526
2025-07-12T19:00,15.5,15.3,10.4,91.0,72,Sorocaba,SP,Sudeste,-23.5015,-47.4526
2025-07-12T20:00,14.5,14.2,9.5,84.0,69,Sorocaba,SP,Sudeste,-23.5015,-47.4526
2025-07-12T21:00,14.3,13.8,9.0,74.0,68,Sorocaba,SP,Sudeste,-23.5015,-47.4526
2025-07-12T22:00,14.5,14.0,8.5,74.0,68,Sorocaba,SP,Sudeste,-23.5015,-47.4526
2025-07-12T23:00,14.5,14.0,7.7,74.0,68,Sorocaba,SP,Sudeste,-23.5015,-47.4526
2025-07-13T00:00,15.4,14.7,6.9,74.0,68,Sorocaba,SP,Sudeste,-23.5015,-47.4526
2025-07-13T01:00,15.6,14.9,6.1,75.0,68,Sorocaba,SP,Sudeste,-23.5015,-47.4526
2025-07-13T02:00,15.5,14.8,5.3,78.0,68,Sorocaba,SP,Sudeste,-23.5015,-47.4526
2025-07-13T03:00,15.3,14.6,4.8,79.0,67,Sorocaba,SP,Sudeste,-23.5015,-47.4526
2025-07-13T04:00,14.6,13.9,4.6,79.0,66,Sorocaba,SP,Sudeste,-23.5015,-47.4526
2025-07-13T05:00,14.3,13.7,4.6,79.0,66,Sorocaba,SP,Sudeste,-23.5015,-47.4526
2025-07-13T06:00,14.3,13.7,4.9,79.0,65,Sorocaba,SP,Sudeste,-23.5015,-47.4526
2025-07-13T07:00,15.1,14.5,6.0,78.0,64,Sorocaba,SP,Sudeste,-23.5015,-47.4526
2025-07-13T08:00,15.7,15.1,7.3,78.0,63,Sorocaba,SP,Sudeste,-23.5015,-47.4526
2025-07-13T09:00,11.7,11.3,7.9,79.0,63,Sorocaba,SP,Sudeste,-23.5015,-47.4526
2025-07-13T10:00,10.6,10.3,6.9,90.0,62,Sorocaba,SP,Sudeste,-23.5015,-47.4526
2025-07-13T11:00,9.5,9.3,5.5,106.0,62,Sorocaba,SP,Sudeste,-23.5015,-47.4526
2025-07-13T12:00,8.6,8.5,4.3,119.0,61,Sorocaba,SP,Sudeste,-23.5015,-47.4526
2025-07-13T13:00,8.2,8.1,3.3,127.0,60,Sorocaba,SP,Sudeste,-23.5015,-47.4526
2025-07-13T14:00,8.1,8.0,2.5,132.0,60,Sorocaba,SP,Sudeste,-23.5015,-47.4526
2025-07-13T15:00,8.4,8.2,2.6,132.0,59,Sorocaba,SP,Sudeste,-23.5015,-47.4526
2025-07-13T16:00,8.6,8.5,4.2,126.0,58,Sorocaba,SP,Sudeste,-23.5015,-47.4526
2025-07-13T17:00,8.6,8.5,6.6,116.0,60,Sorocaba,SP,Sudeste,-23.5015,-47.4526
2025-07-13T18:00,8.6,8.5,8.6,105.0,68,Sorocaba,SP,Sudeste,-23.5015,-47.4526
2025-07-13T19:00,8.4,8.4,9.8,95.0,71,Sorocaba,SP,Sudeste,-23.5015,-47.4526
2025-07-13T20:00,8.5,8.4,10.5,85.0,69,Sorocaba,SP,Sudeste,-23.5015,-47.4526
2025-07-13T21:00,7.2,6.9,12.1,65.0,62,Sorocaba,SP,Sudeste,-23.5015,-47.4526
2025-07-13T22:00,8.1,7.8,13.0,60.0,54,Sorocaba,SP,Sudeste,-23.5015,-47.4526
2025-07-13T23:00,9.6,9.2,14.1,52.0,54,Sorocaba,SP,Sudeste,-23.5015,-47.4526
2025-07-14T00:00,11.1,10.7,14.6,46.0,53,Sorocaba,SP,Sudeste,-23.5015,-47.4526
2025-07-14T01:00,12.7,12.5,13.8,43.0,53,Sorocaba,SP,Sudeste,-23.5015,-47.4526
2025-07-14T02:00,14.2,14.0,12.4,42.0,53,Sorocaba,SP,Sudeste,-23.5015,-47.4526
2025-07-14T03:00,15.4,15.3,11.4,41.0,53,Sorocaba,SP,Sudeste,-23.5015,-47.4526
2025-07-14T04:00,16.1,15.8,11.1,39.0,53,Sorocaba,SP,Sudeste,-23.5015,-47.4526
2025-07-14T05:00,16.5,16.2,11.1,36.0,53,Sorocaba,SP,Sudeste,-23.5015,-47.4526
2025-07-14T06:00,17.1,16.9,11.3,36.0,53,Sorocaba,SP,Sudeste,-23.5015,-47.4526
2025-07-14T07:00,18.5,18.3,12.1,38.0,54,Sorocaba,SP,Sudeste,-23.5015,-47.4526
2025-07-14T08:00,19.2,19.0,13.1,42.0,54,Sorocaba,SP,Sudeste,-23.5015,-47.4526
2025-07-14T09:00,14.1,14.1,12.9,51.0,54,Sorocaba,SP,Sudeste,-23.5015,-47.4526
2025-07-14T10:00,7.3,7.3,10.1,66.0,54,Sorocaba,SP,Sudeste,-23.5015,-47.4526
2025-07-14T11:00,5.0,4.9,6.3,86.0,54,Sorocaba,SP,Sudeste,-23.5015,-47.4526
2025-07-14T12:00,4.2,4.2,3.4,101.0,54,Sorocaba,SP,Sudeste,-23.5015,-47.4526
2025-07-14T13:00,4.4,4.3,1.9,108.0,53,Sorocaba,SP,Sudeste,-23.5015,-47.4526
2025-07-14T14:00,4.5,4.4,1.3,110.0,53,Sorocaba,SP,Sudeste,-23.5015,-47.4526
2025-07-14T15:00,4.3,4.1,1.7,107.0,53,Sorocaba,SP,Sudeste,-23.5015,-47.4526
2025-07-14T16:00,4.0,3.9,3.5,98.0,53,Sorocaba,SP,Sudeste,-23.5015,-47.4526
2025-07-14T17:00,3.9,3.8,6.2,85.0,52,Sorocaba,SP,Sudeste,-23.5015,-47.4526
2025-07-14T18:00,4.5,4.3,8.5,73.0,52,Sorocaba,SP,Sudeste,-23.5015,-47.4526
2025-07-14T19:00,4.7,4.5,9.9,63.0,51,Sorocaba,SP,Sudeste,-23.5015,-47.4526
2025-07-14T20:00,5.3,5.1,11.0,54.0,51,Sorocaba,SP,Sudeste,-23.5015,-47.4526
2025-07-14T21:00,6.3,6.0,12.9,44.0,51,Sorocaba,SP,Sudeste,-23.5015,-47.4526
2025-07-14T22:00,8.9,8.8,14.0,40.0,51,Sorocaba,SP,Sudeste,-23.5015,-47.4526
2025-07-14T23:00,11.5,11.4,15.5,34.0,51,Sorocaba,SP,Sudeste,-23.5015,-47.4526
2025-07-15T00:00,14.1,13.9,16.2,30.0,51,Sorocaba,SP,Sudeste,-23.5015,-47.4526
2025-07-15T01:00,16.5,16.3,15.2,30.0,51,Sorocaba,SP,Sudeste,-23.5015,-47.4526
2025-07-15T02:00,18.0,17.9,13.4,32.0,52,Sorocaba,SP,Sudeste,-23.5015,-47.4526
2025-07-15T03:00,18.8,18.6,12.1,33.0,52,Sorocaba,SP,Sudeste,-23.5015,-47.4526
2025-07-15T04:00,19.3,19.2,11.9,31.0,52,Sorocaba,SP,Sudeste,-23.5015,-47.4526
2025-07-15T05:00,19.9,19.7,12.2,29.0,52,Sorocaba,SP,Sudeste,-23.5015,-47.4526
2025-07-15T06:00,20.4,20.3,12.8,28.0,53,Sorocaba,SP,Sudeste,-23.5015,-47.4526
2025-07-15T07:00,21.4,21.2,14.6,29.0,53,Sorocaba,SP,Sudeste,-23.5015,-47.4526
2025-07-15T08:00,21.5,21.4,16.7,32.0,53,Sorocaba,SP,Sudeste,-23.5015,-47.4526
2025-07-15T09:00,17.2,17.1,15.7,43.0,53,Sorocaba,SP,Sudeste,-23.5015,-47.4526
2025-07-15T10:00,8.9,8.6,11.6,62.0,54,Sorocaba,SP,Sudeste,-23.5015,-47.4526
2025-07-15T11:00,6.1,5.9,6.0,89.0,54,Sorocaba,SP,Sudeste,-23.5015,-47.4526
2025-07-15T12:00,4.4,4.2,1.9,108.0,54,Sorocaba,SP,Sudeste,-23.5015,-47.4526
2025-07-15T13:00,3.3,3.2,0.3,113.0,54,Sorocaba,SP,Sudeste,-23.5015,-47.4526
2025-07-15T14:00,2.9,2.7,0.1,111.0,54,Sorocaba,SP,Sudeste,-23.5015,-47.4526
2025-07-15T15:00,2.7,2.6,1.3,105.0,54,Sorocaba,SP,Sudeste,-23.5015,-47.4526
2025-07-15T16:00,2.8,2.6,4.4,95.0,54,Sorocaba,SP,Sudeste,-23.5015,-47.4526
2025-07-15T17:00,3.3,3.2,8.9,82.0,53,Sorocaba,SP,Sudeste,-23.5015,-47.4526
2025-07-15T18:00,5.5,5.4,13.3,70.0,53,Sorocaba,SP,Sudeste,-23.5015,-47.4526
2025-07-15T19:00,7.2,7.1,17.5,60.0,53,Sorocaba,SP,Sudeste,-23.5015,-47.4526
2025-07-15T20:00,9.1,9.1,21.6,50.0,54,Sorocaba,SP,Sudeste,-23.5015,-47.4526
2025-07-15T21:00,10.9,10.7,27.1,41.0,54,Sorocaba,SP,Sudeste,-23.5015,-47.4526
2025-07-15T22:00,14.5,14.0,28.0,41.0,54,Sorocaba,SP,Sudeste,-23.5015,-47.4526
2025-07-15T23:00,17.7,17.3,29.1,41.0,55,Sorocaba,SP,Sudeste,-23.5015,-47.4526
2025-07-16T00:00,21.5,21.2,29.7,41.0,55,Sorocaba,SP,Sudeste,-23.5015,-47.4526
2025-07-16T01:00,24.6,24.4,28.9,40.0,56,Sorocaba,SP,Sudeste,-23.5015,-47.4526
2025-07-16T02:00,26.9,26.7,27.6,39.0,56,Sorocaba,SP,Sudeste,-23.5015,-47.4526
2025-07-16T03:00,28.1,27.7,26.8,37.0,57,Sorocaba,SP,Sudeste,-23.5015,-47.4526
2025-07-16T04:00,28.2,27.8,27.3,32.0,58,Sorocaba,SP,Sudeste,-23.5015,-47.4526
2025-07-16T05:00,27.9,27.3,28.4,26.0,58,Sorocaba,SP,Sudeste,-23.5015,-47.4526
2025-07-16T06:00,27.7,27.0,29.2,24.0,59,Sorocaba,SP,Sudeste,-23.5015,-47.4526
2025-07-16T07:00,28.1,27.2,30.2,28.0,60,Sorocaba,SP,Sudeste,-23.5015,-47.4526
2025-07-16T08:00,27.4,26.4,30.9,36.0,60,Sorocaba,SP,Sudeste,-23.5015,-47.4526
2025-07-16T09:00,13.0,12.7,26.7,55.0,60,Sorocaba,SP,Sudeste,-23.5015,-47.4526
2025-07-16T10:00,10.2,10.0,19.8,73.0,60,Sorocaba,SP,Sudeste,-23.5015,-47.4526
2025-07-16T11:00,6.3,6.2,10.4,98.0,60,Sorocaba,SP,Sudeste,-23.5015,-47.4526
2025-07-16T12:00,4.5,4.3,3.4,117.0,60,Sorocaba,SP,Sudeste,-23.5015,-47.4526
2025-07-16T13:00,4.7,4.4,0.8,127.0,60,Sorocaba,SP,Sudeste,-23.5015,-47.4526
2025-07-16T14:00,5.1,4.9,0.6,132.0,60,Sorocaba,SP,Sudeste,-23.5015,-47.4526
2025-07-16T15:00,5.4,5.2,2.2,130.0,61,Sorocaba,SP,Sudeste,-23.5015,-47.4526
2025-07-16T16:00,5.6,5.4,6.4,118.0,61,Sorocaba,SP,Sudeste,-23.5015,-47.4526
2025-07-16T17:00,6.3,6.2,12.3,99.0,61,Sorocaba,SP,Sudeste,-23.5015,-47.4526
2025-07-16T18:00,9.1,8.9,16.6,84.0,61,Sorocaba,SP,Sudeste,-23.5015,-47.4526
2025-07-16T19:00,10.2,10.1,17.5,76.0,61,Sorocaba,SP,Sudeste,-23.5015,-47.4526
2025-07-16T20:00,11.1,11.0,16.9,70.0,62,Sorocaba,SP,Sudeste,-23.5015,-47.4526
2025-07-16T21:00,9.4,9.4,21.2,60.0,62,Sorocaba,SP,Sudeste,-23.5015,-47.4526
2025-07-16T22:00,12.5,12.5,23.4,55.0,62,Sorocaba,SP,Sudeste,-23.5015,-47.4526
2025-07-16T23:00,15.7,15.7,26.3,49.0,62,Sorocaba,SP,Sudeste,-23.5015,-47.4526
2025-07-17T00:00,18.8,18.7,28.1,44.0,62,Sorocaba,SP,Sudeste,-23.5015,-47.4526
2025-07-17T01:00,21.1,21.0,27.3,43.0,61,Sorocaba,SP,Sudeste,-23.5015,-47.4526
2025-07-17T02:00,22.7,22.3,25.3,43.0,61,Sorocaba,SP,Sudeste,-23.5015,-47.4526
2025-07-17T03:00,23.6,23.1,24.3,43.0,61,Sorocaba,SP,Sudeste,-23.5015,-47.4526
2025-07-17T04:00,24.7,24.0,25.4,39.0,60,Sorocaba,SP,Sudeste,-23.5015,-47.4526
2025-07-17T05:00,26.4,25.5,27.4,35.0,60,Sorocaba,SP,Sudeste,-23.5015,-47.4526
2025-07-17T06:00,28.4,27.4,28.8,34.0,60,Sorocaba,SP,Sudeste,-23.5015,-47.4526
2025-07-17T07:00,31.2,30.0,29.9,39.0,60,Sorocaba,SP,Sudeste,-23.5015,-47.4526
2025-07-17T08:00,33.1,31.9,30.4,47.0,60,Sorocaba,SP,Sudeste,-23.5015,-47.4526
2025-07-17T09:00,30.5,29.7,28.6,61.0,61,Sorocaba,SP,Sudeste,-23.5015,-47.4526
2025-07-17T10:00,24.7,24.3,21.4,87.0,62,Sorocaba,SP,Sudeste,-23.5015,-47.4526
2025-07-17T11:00,15.0,14.8,11.4,123.0,63,Sorocaba,SP,Sudeste,-23.5015,-47.4526
2025-07-17T12:00,8.8,8.8,4.0,149.0,64,Sorocaba,SP,Sudeste,-23.5015,-47.4526
2025-07-17T13:00,6.5,6.5,1.1,156.0,64,Sorocaba,SP,Sudeste,-23.5015,-47.4526
2025-07-17T14:00,5.6,5.6,0.7,154.0,64,Sorocaba,SP,Sudeste,-23.5015,-47.4526
2025-07-17T15:00,5.1,5.0,1.9,147.0,64,Sorocaba,SP,Sudeste,-23.5015,-47.4526
2025-07-17T16:00,4.6,4.6,4.7,137.0,64,Sorocaba,SP,Sudeste,-23.5015,-47.4526
2025-07-17T17:00,4.7,4.7,9.0,122.0,82,Sorocaba,SP,Sudeste,-23.5015,-47.4526
2025-07-17T18:00,6.5,6.5,13.7,109.0,95,Sorocaba,SP,Sudeste,-23.5015,-47.4526
2025-07-17T19:00,9.3,9.3,19.5,98.0,100,Sorocaba,SP,Sudeste,-23.5015,-47.4526
2025-07-17T20:00,12.5,12.3,25.7,88.0,95,Sorocaba,SP,Sudeste,-23.5015,-47.4526
2025-07-17T21:00,16.8,16.4,32.5,72.0,82,Sorocaba,SP,Sudeste,-23.5015,-47.4526
2025-07-17T22:00,18.3,17.8,28.9,72.0,65,Sorocaba,SP,Sudeste,-23.5015,-47.4526
2025-07-17T23:00,16.9,16.4,23.8,72.0,65,Sorocaba,SP,Sudeste,-23.5015,-47.4526
2025-07-18T00:00,15.2,14.7,19.2,72.0,65,Sorocaba,SP,Sudeste,-23.5015,-47.4526
2025-07-18T01:00,14.0,13.5,15.8,72.0,65,Sorocaba,SP,Sudeste,-23.5015,-47.4526
2025-07-18T02:00,13.5,12.9,12.9,72.0,64,Sorocaba,SP,Sudeste,-23.5015,-47.4526
2025-07-18T03:00,13.3,12.7,10.8,71.0,63,Sorocaba,SP,Sudeste,-23.5015,-47.4526
2025-07-18T04:00,12.2,11.6,9.6,69.0,63,Sorocaba,SP,Sudeste,-23.5015,-47.4526
2025-07-18T05:00,10.5,10.1,9.2,66.0,62,Sorocaba,SP,Sudeste,-23.5015,-47.4526
2025-07-18T06:00,10.0,9.6,9.1,63.0,60,Sorocaba,SP,Sudeste,-23.5015,-47.4526
2025-07-18T07:00,11.4,10.8,9.6,59.0,59,Sorocaba,SP,Sudeste,-23.5015,-47.4526
2025-07-18T08:00,13.2,12.6,10.4,56.0,57,Sorocaba,SP,Sudeste,-23.5015,-47.4526
2025-07-18T09:00,12.3,11.6,13.3,54.0,56,Sorocaba,SP,Sudeste,-23.5015,-47.4526
2025-07-18T10:00,9.4,9.0,10.1,67.0,54,Sorocaba,SP,Sudeste,-23.5015,-47.4526
2025-07-18T11:00,8.5,8.1,5.6,84.0,53,Sorocaba,SP,Sudeste,-23.5015,-47.4526
2025-07-18T12:00,7.6,7.3,2.3,97.0,53,Sorocaba,SP,Sudeste,-23.5015,-47.4526
2025-07-18T13:00,6.7,6.4,0.9,102.0,53,Sorocaba,SP,Sudeste,-23.5015,-47.4526
2025-07-18T14:00,5.8,5.6,0.6,103.0,53,Sorocaba,SP,Sudeste,-23.5015,-47.4526
2025-07-18T15:00,5.2,5.0,1.6,100.0,53,Sorocaba,SP,Sudeste,-23.5015,-47.4526
2025-07-18T16:00,4.8,4.7,4.4,91.0,53,Sorocaba,SP,Sudeste,-23.5015,-47.4526
2025-07-18T17:00,5.0,5.0,8.5,78.0,53,Sorocaba,SP,Sudeste,-23.5015,-47.4526
2025-07-18T18:00,6.9,6.9,11.9,66.0,53,Sorocaba,SP,Sudeste,-23.5015,-47.4526
2025-07-18T19:00,8.4,8.4,14.1,55.0,53,Sorocaba,SP,Sudeste,-23.5015,-47.4526
2025-07-18T20:00,9.6,9.5,15.7,45.0,53,Sorocaba,SP,Sudeste,-23.5015,-47.4526
2025-07-18T21:00,11.6,11.5,16.0,38.0,52,Sorocaba,SP,Sudeste,-23.5015,-47.4526
2025-07-18T22:00,12.9,12.8,16.2,36.0,52,Sorocaba,SP,Sudeste,-23.5015,-47.4526
2025-07-18T23:00,14.2,14.0,16.3,34.0,52,Sorocaba,SP,Sudeste,-23.5015,-47.4526
2025-07-19T00:00,15.3,15.1,15.9,33.0,51,Sorocaba,SP,Sudeste,-23.5015,-47.4526
2025-07-19T01:00,16.2,16.1,14.4,34.0,51,Sorocaba,SP,Sudeste,-23.5015,-47.4526
2025-07-19T02:00,16.8,16.6,12.3,37.0,52,Sorocaba,SP,Sudeste,-23.5015,-47.4526
2025-07-19T03:00,16.6,16.5,10.8,39.0,52,Sorocaba,SP,Sudeste,-23.5015,-47.4526
2025-07-19T04:00,16.5,16.4,10.4,39.0,52,Sorocaba,SP,Sudeste,-23.5015,-47.4526
2025-07-19T05:00,16.2,16.2,10.6,38.0,53,Sorocaba,SP,Sudeste,-23.5015,-47.4526
2025-07-19T06:00,16.3,16.2,10.9,39.0,53,Sorocaba,SP,Sudeste,-23.5015,-47.4526
2025-07-19T07:00,16.8,16.8,11.6,43.0,54,Sorocaba,SP,Sudeste,-23.5015,-47.4526
2025-07-19T08:00,16.2,16.2,12.4,50.0,54,Sorocaba,SP,Sudeste,-23.5015,-47.4526
2025-07-19T09:00,4.8,4.8,10.7,63.0,54,Sorocaba,SP,Sudeste,-23.5015,-47.4526
2025-07-19T10:00,2.7,2.7,8.2,74.0,54,Sorocaba,SP,Sudeste,-23.5015,-47.4526
2025-07-19T11:00,2.6,2.5,4.7,89.0,53,Sorocaba,SP,Sudeste,-23.5015,-47.4526
2025-07-19T12:00,2.8,2.8,2.2,101.0,53,Sorocaba,SP,Sudeste,-23.5015,-47.4526
2025-07-19T13:00,3.3,3.3,1.2,108.0,53,Sorocaba,SP,Sudeste,-23.5015,-47.4526
2025-07-19T14:00,3.9,3.8,1.1,113.0,52,Sorocaba,SP,Sudeste,-23.5015,-47.4526
2025-07-19T15:00,4.3,4.2,2.0,112.0,52,Sorocaba,SP,Sudeste,-23.5015,-47.4526
2025-07-19T16:00,4.5,4.4,4.4,104.0,52,Sorocaba,SP,Sudeste,-23.5015,-47.4526
2025-07-19T17:00,4.6,4.5,7.7,90.0,52,Sorocaba,SP,Sudeste,-23.5015,-47.4526
2025-07-19T18:00,5.9,5.7,10.1,78.0,52,Sorocaba,SP,Sudeste,-23.5015,-47.4526
2025-07-19T19:00,5.8,5.6,10.7,69.0,52,Sorocaba,SP,Sudeste,-23.5015,-47.4526
2025-07-19T20:00,5.9,5.5,10.4,62.0,52,Sorocaba,SP,Sudeste,-23.5015,-47.4526
2025-07-19T21:00,4.9,4.2,8.6,54.0,51,Sorocaba,SP,Sudeste,-23.5015,-47.4526
2025-07-19T22:00,6.5,5.7,8.4,55.0,51,Sorocaba,SP,Sudeste,-23.5015,-47.4526
2025-07-19T23:00,8.7,8.0,8.0,56.0,50,Sorocaba,SP,Sudeste,-23.5015,-47.4526
2025-07-20T00:00,10.6,10.0,7.7,56.0,49,Sorocaba,SP,Sudeste,-23.5015,-47.4526
2025-07-20T01:00,11.8,11.4,7.5,55.0,48,Sorocaba,SP,Sudeste,-23.5015,-47.4526
2025-07-20T02:00,12.6,12.1,7.2,53.0,47,Sorocaba,SP,Sudeste,-23.5015,-47.4526
2025-07-20T03:00,12.7,12.4,7.1,51.0,46,Sorocaba,SP,Sudeste,-23.5015,-47.4526
2025-07-20T04:00,12.5,12.1,7.1,50.0,45,Sorocaba,SP,Sudeste,-23.5015,-47.4526
2025-07-20T05:00,12.1,11.7,7.1,48.0,44,Sorocaba,SP,Sudeste,-23.5015,-47.4526
2025-07-20T06:00,12.0,11.7,7.2,49.0,43,Sorocaba,SP,Sudeste,-23.5015,-47.4526
2025-07-20T07:00,12.5,12.2,7.5,51.0,42,Sorocaba,SP,Sudeste,-23.5015,-47.4526
2025-07-20T08:00,11.2,10.8,7.8,54.0,41,Sorocaba,SP,Sudeste,-23.5015,-47.4526
2025-07-20T09:00,10.5,10.2,7.8,60.0,40,Sorocaba,SP,Sudeste,-23.5015,-47.4526
2025-07-20T10:00,9.5,9.1,6.4,76.0,41,Sorocaba,SP,Sudeste,-23.5015,-47.4526
2025-07-20T11:00,9.1,8.8,4.5,99.0,43,Sorocaba,SP,Sudeste,-23.5015,-47.4526
2025-07-20T12:00,9.2,8.9,3.1,119.0,44,Sorocaba,SP,Sudeste,-23.5015,-47.4526
2025-07-20T13:00,9.8,9.6,2.4,136.0,45,Sorocaba,SP,Sudeste,-23.5015,-47.4526
2025-07-20T14:00,10.8,10.6,2.2,150.0,47,Sorocaba,SP,Sudeste,-23.5015,-47.4526
2025-07-20T15:00,11.5,11.3,3.2,154.0,48,Sorocaba,SP,Sudeste,-23.5015,-47.4526
2025-07-20T16:00,11.8,11.6,6.7,142.0,50,Sorocaba,SP,Sudeste,-23.5015,-47.4526
2025-07-20T17:00,12.0,11.8,11.4,120.0,66,Sorocaba,SP,Sudeste,-23.5015,-47.4526
2025-07-20T18:00,13.0,12.8,14.3,101.0,78,Sorocaba,SP,Sudeste,-23.5015,-47.4526
2025-07-20T19:00,11.8,11.6,13.6,88.0,84,Sorocaba,SP,Sudeste,-23.5015,-47.4526
2025-07-20T20:00,10.5,10.2,11.2,76.0,81,Sorocaba,SP,Sudeste,-23.5015,-47.4526
2025-07-20T21:00,5.7,5.6,9.0,64.0,72,Sorocaba,SP,Sudeste,-23.5015,-47.4526
2025-07-20T22:00,7.6,7.3,9.0,60.0,57,Sorocaba,SP,Sudeste,-23.5015,-47.4526
2025-07-20T23:00,10.3,10.0,9.1,55.0,53,Sorocaba,SP,Sudeste,-23.5015,-47.4526
2025-07-21T00:00,12.2,11.8,9.1,51.0,53,Sorocaba,SP,Sudeste,-23.5015,-47.4526
2025-07-21T01:00,13.3,12.9,8.9,48.0,53,Sorocaba,SP,Sudeste,-23.5015,-47.4526
2025-07-21T02:00,14.5,14.1,8.6,46.0,53,Sorocaba,SP,Sudeste,-23.5015,-47.4526
2025-07-21T03:00,15.9,15.5,8.8,44.0,53,Sorocaba,SP,Sudeste,-23.5015,-47.4526
2025-07-21T04:00,17.5,17.0,9.9,39.0,54,Sorocaba,SP,Sudeste,-23.5015,-47.4526
2025-07-21T05:00,19.0,18.6,11.4,34.0,54,Sorocaba,SP,Sudeste,-23.5015,-47.4526
2025-07-21T06:00,20.4,19.9,12.5,32.0,55,Sorocaba,SP,Sudeste,-23.5015,-47.4526
2025-07-21T07:00,22.1,21.6,13.2,33.0,55,Sorocaba,SP,Sudeste,-23.5015,-47.4526
2025-07-21T08:00,23.4,22.9,13.6,37.0,56,Sorocaba,SP,Sudeste,-23.5015,-47.4526
2025-07-21T09:00,23.1,22.6,12.8,56.0,57,Sorocaba,SP,Sudeste,-23.5015,-47.4526
2025-07-21T10:00,20.5,20.2,10.3,85.0,58,Sorocaba,SP,Sudeste,-23.5015,-47.4526
2025-07-21T11:00,15.2,15.0,7.0,125.0,59,Sorocaba,SP,Sudeste,-23.5015,-47.4526
2025-07-21T12:00,12.3,12.2,4.3,155.0,59,Sorocaba,SP,Sudeste,-23.5015,-47.4526
2025-07-21T13:00,11.1,11.0,2.5,167.0,59,Sorocaba,SP,Sudeste,-23.5015,-47.4526
2025-07-21T14:00,9.8,9.7,1.5,169.0,60,Sorocaba,SP,Sudeste,-23.5015,-47.4526
2025-07-21T15:00,8.9,8.8,2.5,163.0,60,Sorocaba,SP,Sudeste,-23.5015,-47.4526
2025-07-21T16:00,8.5,8.4,7.2,148.0,70,Sorocaba,SP,Sudeste,-23.5015,-47.4526
2025-07-21T17:00,8.9,8.8,14.0,127.0,94,Sorocaba,SP,Sudeste,-23.5015,-47.4526
2025-07-21T18:00,11.6,11.6,19.5,105.0,109,Sorocaba,SP,Sudeste,-23.5015,-47.4526
2025-07-21T19:00,14.8,14.7,22.6,85.0,113,Sorocaba,SP,Sudeste,-23.5015,-47.4526
2025-07-21T20:00,15.0,14.8,24.4,65.0,105,Sorocaba,SP,Sudeste,-23.5015,-47.4526
2025-07-21T21:00,14.3,14.0,19.6,57.0,85,Sorocaba,SP,Sudeste,-23.5015,-47.4526
2025-07-21T22:00,16.2,15.9,19.2,53.0,62,Sorocaba,SP,Sudeste,-23.5015,-47.4526
2025-07-21T23:00,19.1,18.8,18.6,47.0,61,Sorocaba,SP,Sudeste,-23.5015,-47.4526
2025-07-22T00:00,21.8,21.5,17.7,43.0,61,Sorocaba,SP,Sudeste,-23.5015,-47.4526
2025-07-22T01:00,25.1,24.8,16.2,43.0,62,Sorocaba,SP,Sudeste,-23.5015,-47.4526
2025-07-22T02:00,28.1,27.8,14.5,44.0,63,Sorocaba,SP,Sudeste,-23.5015,-47.4526
2025-07-22T03:00,30.7,30.5,13.5,44.0,64,Sorocaba,SP,Sudeste,-23.5015,-47.4526
2025-07-22T04:00,32.9,32.7,13.6,39.0,65,Sorocaba,SP,Sudeste,-23.5015,-47.4526
2025-07-22T05:00,34.7,34.5,14.3,32.0,67,Sorocaba,SP,Sudeste,-23.5015,-47.4526
2025-07-22T06:00,37.1,37.0,15.4,30.0,68,Sorocaba,SP,Sudeste,-23.5015,-47.4526
2025-07-22T07:00,41.3,41.2,17.8,34.0,69,Sorocaba,SP,Sudeste,-23.5015,-47.4526
2025-07-22T08:00,43.2,43.1,20.6,42.0,71,Sorocaba,SP,Sudeste,-23.5015,-47.4526
2025-07-22T09:00,38.8,38.6,20.1,64.0,72,Sorocaba,SP,Sudeste,-23.5015,-47.4526
2025-07-22T10:00,20.4,20.3,14.7,86.0,74,Sorocaba,SP,Sudeste,-23.5015,-47.4526
2025-07-22T11:00,8.8,8.7,7.3,116.0,74,Sorocaba,SP,Sudeste,-23.5015,-47.4526
2025-07-22T12:00,5.2,5.1,1.9,137.0,73,Sorocaba,SP,Sudeste,-23.5015,-47.4526
2025-07-22T13:00,3.9,3.9,0.0,140.0,73,Sorocaba,SP,Sudeste,-23.5015,-47.4526
2025-07-22T14:00,3.3,3.3,0.0,134.0,72,Sorocaba,SP,Sudeste,-23.5015,-47.4526
2025-07-22T15:00,2.9,2.9,1.6,125.0,71,Sorocaba,SP,Sudeste,-23.5015,-47.4526
2025-07-22T16:00,2.7,2.7,6.3,113.0,71,Sorocaba,SP,Sudeste,-23.5015,-47.4526
2025-07-22T17:00,3.2,3.2,12.9,99.0,71,Sorocaba,SP,Sudeste,-23.5015,-47.4526
2025-07-22T18:00,6.5,6.4,19.0,84.0,70,Sorocaba,SP,Sudeste,-23.5015,-47.4526
2025-07-22T19:00,10.0,9.7,24.0,70.0,70,Sorocaba,SP,Sudeste,-23.5015,-47.4526
2025-07-22T20:00,11.5,11.1,28.5,55.0,69,Sorocaba,SP,Sudeste,-23.5015,-47.4526
2025-07-22T21:00,10.7,10.3,29.3,43.0,69,Sorocaba,SP,Sudeste,-23.5015,-47.4526
2025-07-22T22:00,12.5,12.0,30.4,38.0,69,Sorocaba,SP,Sudeste,-23.5015,-47.4526
2025-07-22T23:00,14.1,13.5,31.7,32.0,68,Sorocaba,SP,Sudeste,-23.5015,-47.4526
2025-07-23T00:00,15.0,14.5,31.5,28.0,68,Sorocaba,SP,Sudeste,-23.5015,-47.4526
2025-07-23T01:00,15.9,15.5,28.4,30.0,67,Sorocaba,SP,Sudeste,-23.5015,-47.4526
2025-07-23T02:00,16.2,15.9,23.7,35.0,67,Sorocaba,SP,Sudeste,-23.5015,-47.4526
2025-07-23T03:00,15.3,15.1,19.7,39.0,66,Sorocaba,SP,Sudeste,-23.5015,-47.4526
2025-07-23T04:00,14.7,14.6,17.4,40.0,65,Sorocaba,SP,Sudeste,-23.5015,-47.4526
2025-07-23T05:00,14.7,14.6,15.8,40.0,63,Sorocaba,SP,Sudeste,-23.5015,-47.4526
2025-07-23T06:00,14.8,14.7,14.6,43.0,62,Sorocaba,SP,Sudeste,-23.5015,-47.4526
2025-07-23T07:00,15.1,15.1,14.1,50.0,60,Sorocaba,SP,Sudeste,-23.5015,-47.4526
2025-07-23T08:00,13.7,13.6,14.0,60.0,58,Sorocaba,SP,Sudeste,-23.5015,-47.4526
2025-07-23T09:00,8.8,8.6,11.1,74.0,55,Sorocaba,SP,Sudeste,-23.5015,-47.4526
2025-07-23T10:00,6.9,6.6,8.1,83.0,53,Sorocaba,SP,Sudeste,-23.5015,-47.4526
2025-07-23T11:00,8.4,8.0,4.0,96.0,52,Sorocaba,SP,Sudeste,-23.5015,-47.4526
2025-07-23T12:00,10.3,9.8,1.1,105.0,52,Sorocaba,SP,Sudeste,-23.5015,-47.4526
2025-07-23T13:00,11.6,11.0,0.3,108.0,52,Sorocaba,SP,Sudeste,-23.5015,-47.4526
2025-07-23T14:00,12.4,11.8,0.6,108.0,53,Sorocaba,SP,Sudeste,-23.5015,-47.4526
2025-07-23T15:00,13.2,12.7,1.4,106.0,54,Sorocaba,SP,Sudeste,-23.5015,-47.4526
2025-07-23T16:00,14.1,13.5,2.9,101.0,54,Sorocaba,SP,Sudeste,-23.5015,-47.4526
2025-07-23T17:00,15.1,14.6,5.0,94.0,55,Sorocaba,SP,Sudeste,-23.5015,-47.4526
2025-07-23T18:00,16.2,15.7,6.5,88.0,56,Sorocaba,SP,Sudeste,-23.5015,-47.4526
2025-07-23T19:00,16.8,16.3,7.1,82.0,57,Sorocaba,SP,Sudeste,-23.5015,-47.4526
2025-07-23T20:00,17.9,17.2,7.1,77.0,57,Sorocaba,SP,Sudeste,-23.5015,-47.4526
2025-07-23T21:00,14.0,13.3,8.8,69.0,58,Sorocaba,SP,Sudeste,-23.5015,-47.4526
2025-07-23T22:00,14.9,13.7,7.7,72.0,58,Sorocaba,SP,Sudeste,-23.5015,-47.4526
2025-07-23T23:00,15.9,14.4,6.3,75.0,58,Sorocaba,SP,Sudeste,-23.5015,-47.4526
2025-07-24T00:00,16.1,14.6,4.9,78.0,58,Sorocaba,SP,Sudeste,-23.5015,-47.4526
2025-07-24T01:00,15.5,14.5,3.8,79.0,58,Sorocaba,SP,Sudeste,-23.5015,-47.4526
2025-07-24T02:00,13.9,13.1,2.9,79.0,58,Sorocaba,SP,Sudeste,-23.5015,-47.4526
2025-07-24T03:00,10.8,10.2,2.2,78.0,58,Sorocaba,SP,Sudeste,-23.5015,-47.4526
2025-07-24T04:00,8.2,7.7,1.9,75.0,58,Sorocaba,SP,Sudeste,-23.5015,-47.4526
2025-07-24T05:00,6.4,6.0,2.0,72.0,57,Sorocaba,SP,Sudeste,-23.5015,-47.4526
2025-07-24T06:00,5.4,5.0,2.2,69.0,56,Sorocaba,SP,Sudeste,-23.5015,-47.4526
2025-07-24T07:00,4.9,4.5,2.7,68.0,56,Sorocaba,SP,Sudeste,-23.5015,-47.4526
2025-07-24T08:00,4.4,3.9,3.4,68.0,55,Sorocaba,SP,Sudeste,-23.5015,-47.4526
2025-07-24T09:00,4.0,3.6,4.4,67.0,54,Sorocaba,SP,Sudeste,-23.5015,-47.4526
2025-07-24T10:00,4.7,4.2,3.9,75.0,54,Sorocaba,SP,Sudeste,-23.5015,-47.4526
2025-07-24T11:00,5.8,5.2,3.3,86.0,53,Sorocaba,SP,Sudeste,-23.5015,-47.4526
2025-07-24T12:00,7.0,6.4,2.8,96.0,53,Sorocaba,SP,Sudeste,-23.5015,-47.4526
2025-07-24T13:00,7.9,7.4,2.5,104.0,53,Sorocaba,SP,Sudeste,-23.5015,-47.4526
2025-07-24T14:00,8.8,8.3,2.3,111.0,53,Sorocaba,SP,Sudeste,-23.5015,-47.4526
2025-07-24T15:00,9.0,8.6,2.6,112.0,52,Sorocaba,SP,Sudeste,-23.5015,-47.4526
2025-07-24T16:00,8.7,8.4,3.8,102.0,52,Sorocaba,SP,Sudeste,-23.5015,-47.4526
2025-07-24T17:00,7.7,7.3,5.5,85.0,52,Sorocaba,SP,Sudeste,-23.5015,-47.4526
2025-07-24T18:00,6.2,5.8,6.6,71.0,51,Sorocaba,SP,Sudeste,-23.5015,-47.4526
2025-07-24T19:00,4.4,4.0,6.6,62.0,50,Sorocaba,SP,Sudeste,-23.5015,-47.4526
2025-07-24T20:00,3.9,3.6,6.1,57.0,48,Sorocaba,SP,Sudeste,-23.5015,-47.4526
2025-07-24T21:00,4.6,3.9,5.6,45.0,45,Sorocaba,SP,Sudeste,-23.5015,-47.4526
2025-07-24T22:00,5.0,4.2,5.5,49.0,43,Sorocaba,SP,Sudeste,-23.5015,-47.4526
2025-07-24T23:00,5.2,4.6,5.4,54.0,40,Sorocaba,SP,Sudeste,-23.5015,-47.4526
2025-07-25T00:00,6.2,5.7,5.3,57.0,38,Sorocaba,SP,Sudeste,-23.5015,-47.4526
2025-07-25T01:00,7.7,7.2,5.2,57.0,36,Sorocaba,SP,Sudeste,-23.5015,-47.4526
2025-07-25T02:00,8.2,7.9,5.0,56.0,34,Sorocaba,SP,Sudeste,-23.5015,-47.4526
2025-07-25T03:00,8.7,8.3,4.9,54.0,33,Sorocaba,SP,Sudeste,-23.5015,-47.4526
2025-07-25T04:00,8.6,8.4,4.6,52.0,33,Sorocaba,SP,Sudeste,-23.5015,-47.4526
2025-07-25T05:00,7.9,7.7,4.4,51.0,33,Sorocaba,SP,Sudeste,-23.5015,-47.4526
2025-07-25T06:00,7.2,7.0,4.6,50.0,33,Sorocaba,SP,Sudeste,-23.5015,-47.4526
2025-07-25T07:00,7.5,7.4,5.9,50.0,34,Sorocaba,SP,Sudeste,-23.5015,-47.4526
2025-07-25T08:00,7.0,6.9,7.8,51.0,34,Sorocaba,SP,Sudeste,-23.5015,-47.4526
2025-07-25T09:00,10.9,10.7,9.0,53.0,35,Sorocaba,SP,Sudeste,-23.5015,-47.4526
2025-07-25T10:00,9.4,9.2,8.3,57.0,37,Sorocaba,SP,Sudeste,-23.5015,-47.4526
2025-07-25T11:00,8.8,8.6,7.3,64.0,38,Sorocaba,SP,Sudeste,-23.5015,-47.4526
2025-07-25T12:00,9.6,9.4,6.3,74.0,39,Sorocaba,SP,Sudeste,-23.5015,-47.4526
2025-07-25T13:00,12.5,12.3,4.8,94.0,39,Sorocaba,SP,Sudeste,-23.5015,-47.4526
2025-07-25T14:00,12.9,12.7,3.2,117.0,41,Sorocaba,SP,Sudeste,-23.5015,-47.4526
2025-07-25T15:00,10.6,10.4,3.6,129.0,42,Sorocaba,SP,Sudeste,-23.5015,-47.4526
2025-07-25T16:00,8.6,8.4,7.8,121.0,42,Sorocaba,SP,Sudeste,-23.5015,-47.4526
2025-07-25T17:00,8.0,7.8,14.0,102.0,42,Sorocaba,SP,Sudeste,-23.5015,-47.4526
2025-07-25T18:00,10.0,9.9,18.3,84.0,44,Sorocaba,SP,Sudeste,-23.5015,-47.4526
2025-07-25T19:00,10.9,10.8,19.1,70.0,46,Sorocaba,SP,Sudeste,-23.5015,-47.4526
2025-07-25T20:00,10.2,10.1,18.1,56.0,46,Sorocaba,SP,Sudeste,-23.5015,-47.4526
2025-07-25T21:00,8.6,8.5,15.6,46.0,46,Sorocaba,SP,Sudeste,-23.5015,-47.4526
2025-07-25T22:00,10.0,9.9,14.9,44.0,47,Sorocaba,SP,Sudeste,-23.5015,-47.4526
2025-07-25T23:00,12.3,12.2,13.9,41.0,49,Sorocaba,SP,Sudeste,-23.5015,-47.4526
2025-07-26T00:00,14.7,14.6,13.1,39.0,50,Sorocaba,SP,Sudeste,-23.5015,-47.4526
2025-07-26T01:00,17.3,17.1,12.6,39.0,51,Sorocaba,SP,Sudeste,-23.5015,-47.4526
2025-07-26T02:00,20.1,20.0,12.2,40.0,52,Sorocaba,SP,Sudeste,-23.5015,-47.4526
2025-07-26T03:00,22.8,22.5,11.9,41.0,53,Sorocaba,SP,Sudeste,-23.5015,-47.4526
2025-07-26T04:00,23.4,23.2,11.6,42.0,54,Sorocaba,SP,Sudeste,-23.5015,-47.4526
2025-07-26T05:00,23.9,23.7,11.5,43.0,55,Sorocaba,SP,Sudeste,-23.5015,-47.4526
2025-07-26T06:00,24.0,23.7,11.5,46.0,56,Sorocaba,SP,Sudeste,-23.5015,-47.4526
2025-07-26T07:00,25.2,25.0,12.3,50.0,57,Sorocaba,SP,Sudeste,-23.5015,-47.4526
2025-07-26T08:00,26.3,26.1,13.2,55.0,59,Sorocaba,SP,Sudeste,-23.5015,-47.4526
2025-07-26T09:00,17.9,17.8,12.4,64.0,60,Sorocaba,SP,Sudeste,-23.5015,-47.4526
2025-07-26T10:00,13.5,13.4,10.0,84.0,61,Sorocaba,SP,Sudeste,-23.5015,-47.4526
2025-07-26T11:00,10.3,10.1,6.7,111.0,61,Sorocaba,SP,Sudeste,-23.5015,-47.4526
2025-07-26T12:00,10.7,10.4,4.1,133.0,61,Sorocaba,SP,Sudeste,-23.5015,-47.4526
2025-07-26T13:00,11.4,10.9,2.3,145.0,61,Sorocaba,SP,Sudeste,-23.5015,-47.4526
2025-07-26T14:00,11.7,11.2,1.3,150.0,61,Sorocaba,SP,Sudeste,-23.5015,-47.4526
2025-07-26T15:00,11.8,11.3,2.6,148.0,61,Sorocaba,SP,Sudeste,-23.5015,-47.4526
2025-07-26T16:00,11.8,11.2,7.5,134.0,61,Sorocaba,SP,Sudeste,-23.5015,-47.4526
2025-07-26T17:00,12.1,11.7,14.7,112.0,73,Sorocaba,SP,Sudeste,-23.5015,-47.4526
2025-07-26T18:00,14.7,14.3,21.5,90.0,83,Sorocaba,SP,Sudeste,-23.5015,-47.4526
2025-07-26T19:00,17.2,16.9,28.2,69.0,84,Sorocaba,SP,Sudeste,-23.5015,-47.4526
2025-07-26T20:00,19.8,19.6,34.6,49.0,75,Sorocaba,SP,Sudeste,-23.5015,-47.4526
2025-07-26T21:00,17.3,17.0,46.0,30.0,63,Sorocaba,SP,Sudeste,-23.5015,-47.4526
2025-07-26T22:00,18.6,18.3,40.1,37.0,64,Sorocaba,SP,Sudeste,-23.5015,-47.4526
2025-07-26T23:00,20.1,20.0,31.9,46.0,65,Sorocaba,SP,Sudeste,-23.5015,-47.4526
2025-07-27T00:00,23.3,23.3,24.9,54.0,65,Sorocaba,SP,Sudeste,-23.5015,-47.4526
2025-07-27T01:00,27.6,27.6,20.3,59.0,66,Sorocaba,SP,Sudeste,-23.5015,-47.4526
2025-07-27T02:00,32.4,32.4,17.0,62.0,67,Sorocaba,SP,Sudeste,-23.5015,-47.4526
2025-07-27T03:00,36.7,36.7,15.0,62.0,68,Sorocaba,SP,Sudeste,-23.5015,-47.4526
2025-07-27T04:00,39.7,39.6,14.5,56.0,69,Sorocaba,SP,Sudeste,-23.5015,-47.4526
2025-07-27T05:00,41.1,41.1,15.3,47.0,70,Sorocaba,SP,Sudeste,-23.5015,-47.4526
2025-07-27T06:00,42.1,42.1,16.6,44.0,72,Sorocaba,SP,Sudeste,-23.5015,-47.4526
2025-07-27T07:00,41.2,41.2,19.2,49.0,73,Sorocaba,SP,Sudeste,-23.5015,-47.4526
2025-07-27T08:00,36.6,36.6,22.4,59.0,74,Sorocaba,SP,Sudeste,-23.5015,-47.4526
2025-07-27T09:00,28.8,28.8,21.7,74.0,75,Sorocaba,SP,Sudeste,-23.5015,-47.4526
2025-07-27T10:00,16.7,16.6,16.6,96.0,76,Sorocaba,SP,Sudeste,-23.5015,-47.4526
2025-07-27T11:00,10.0,9.9,9.6,125.0,76,Sorocaba,SP,Sudeste,-23.5015,-47.4526
2025-07-27T12:00,6.3,6.1,4.2,146.0,76,Sorocaba,SP,Sudeste,-23.5015,-47.4526
2025-07-27T13:00,5.0,4.7,1.9,149.0,76,Sorocaba,SP,Sudeste,-23.5015,-47.4526
2025-07-27T14:00,4.5,4.2,1.4,144.0,75,Sorocaba,SP,Sudeste,-23.5015,-47.4526
2025-07-27T15:00,4.4,4.0,1.9,136.0,75,Sorocaba,SP,Sudeste,-23.5015,-47.4526
2025-07-27T16:00,4.6,4.3,3.7,128.0,74,Sorocaba,SP,Sudeste,-23.5015,-47.4526
2025-07-27T17:00,4.9,4.6,6.6,119.0,79,Sorocaba,SP,Sudeste,-23.5015,-47.4526
2025-07-27T18:00,5.6,5.4,9.5,109.0,88,Sorocaba,SP,Sudeste,-23.5015,-47.4526
2025-07-27T19:00,7.1,6.9,12.5,99.0,91,Sorocaba,SP,Sudeste,-23.5015,-47.4526
2025-07-27T20:00,8.7,8.4,15.6,88.0,86,Sorocaba,SP,Sudeste,-23.5015,-47.4526
2025-07-27T21:00,7.7,7.3,16.4,77.0,73,Sorocaba,SP,Sudeste,-23.5015,-47.4526
2025-07-27T22:00,9.7,9.2,16.5,76.0,70,Sorocaba,SP,Sudeste,-23.5015,-47.4526
2025-07-27T23:00,11.0,10.4,16.4,76.0,69,Sorocaba,SP,Sudeste,-23.5015,-47.4526
2025-07-28T00:00,11.6,11.1,15.7,75.0,69,Sorocaba,SP,Sudeste,-23.5015,-47.4526
2025-07-28T01:00,11.1,10.6,13.7,74.0,68,Sorocaba,SP,Sudeste,-23.5015,-47.4526
2025-07-28T02:00,10.0,9.6,10.9,74.0,66,Sorocaba,SP,Sudeste,-23.5015,-47.4526
2025-07-28T03:00,9.3,8.8,8.4,75.0,64,Sorocaba,SP,Sudeste,-23.5015,-47.4526
2025-07-28T04:00,6.6,6.3,6.5,78.0,62,Sorocaba,SP,Sudeste,-23.5015,-47.4526
2025-07-28T05:00,4.3,4.1,4.9,82.0,60,Sorocaba,SP,Sudeste,-23.5015,-47.4526
2025-07-28T06:00,3.5,3.3,3.9,85.0,57,Sorocaba,SP,Sudeste,-23.5015,-47.4526
2025-07-28T07:00,3.4,3.2,4.2,85.0,54,Sorocaba,SP,Sudeste,-23.5015,-47.4526
2025-07-28T08:00,4.0,3.8,5.1,83.0,51,Sorocaba,SP,Sudeste,-23.5015,-47.4526
2025-07-28T09:00,4.6,4.4,6.8,83.0,44,Sorocaba,SP,Sudeste,-23.5015,-47.4526
2025-07-28T10:00,4.7,4.4,5.3,88.0,39,Sorocaba,SP,Sudeste,-23.5015,-47.4526
2025-07-28T11:00,5.6,5.4,3.3,95.0,38,Sorocaba,SP,Sudeste,-23.5015,-47.4526
2025-07-28T12:00,5.8,5.6,1.8,100.0,39,Sorocaba,SP,Sudeste,-23.5015,-47.4526
2025-07-28T13:00,6.4,6.2,1.2,102.0,41,Sorocaba,SP,Sudeste,-23.5015,-47.4526
2025-07-28T14:00,6.6,6.2,1.1,102.0,42,Sorocaba,SP,Sudeste,-23.5015,-47.4526
2025-07-28T15:00,6.5,6.0,1.4,101.0,43,Sorocaba,SP,Sudeste,-23.5015,-47.4526
2025-07-28T16:00,6.8,6.1,2.4,99.0,44,Sorocaba,SP,Sudeste,-23.5015,-47.4526
2025-07-28T17:00,7.0,6.4,3.7,97.0,45,Sorocaba,SP,Sudeste,-23.5015,-47.4526
2025-07-28T18:00,7.2,6.7,4.7,93.0,45,Sorocaba,SP,Sudeste,-23.5015,-47.4526
2025-07-28T19:00,7.2,6.8,4.9,89.0,46,Sorocaba,SP,Sudeste,-23.5015,-47.4526
2025-07-28T20:00,6.8,6.4,4.7,84.0,45,Sorocaba,SP,Sudeste,-23.5015,-47.4526
2025-07-28T21:00,5.0,4.6,4.3,82.0,44,Sorocaba,SP,Sudeste,-23.5015,-47.4526
2025-07-28T22:00,3.4,3.3,4.0,76.0,43,Sorocaba,SP,Sudeste,-23.5015,-47.4526
2025-07-28T23:00,3.0,2.9,3.5,67.0,42,Sorocaba,SP,Sudeste,-23.5015,-47.4526
2025-07-29T00:00,3.6,3.5,3.1,60.0,40,Sorocaba,SP,Sudeste,-23.5015,-47.4526
2025-07-29T01:00,4.4,4.4,2.9,55.0,38,Sorocaba,SP,Sudeste,-23.5015,-47.4526
2025-07-29T02:00,5.2,5.2,2.9,51.0,35,Sorocaba,SP,Sudeste,-23.5015,-47.4526
2025-07-29T03:00,5.8,5.7,2.9,48.0,33,Sorocaba,SP,Sudeste,-23.5015,-47.4526
2025-07-29T04:00,6.3,6.3,3.1,45.0,30,Sorocaba,SP,Sudeste,-23.5015,-47.4526
2025-07-29T05:00,6.7,6.7,3.3,43.0,28,Sorocaba,SP,Sudeste,-23.5015,-47.4526
2025-07-29T06:00,6.8,6.7,3.5,43.0,29,Sorocaba,SP,Sudeste,-23.5015,-47.4526
2025-07-29T07:00,7.1,7.0,3.6,47.0,29,Sorocaba,SP,Sudeste,-23.5015,-47.4526
2025-07-29T08:00,7.0,6.9,3.6,54.0,30,Sorocaba,SP,Sudeste,-23.5015,-47.4526
2025-07-29T09:00,2.0,2.0,3.4,63.0,31,Sorocaba,SP,Sudeste,-23.5015,-47.4526
2025-07-29T10:00,1.3,1.3,2.7,68.0,30,Sorocaba,SP,Sudeste,-23.5015,-47.4526
2025-07-29T11:00,1.1,1.1,1.7,76.0,30,Sorocaba,SP,Sudeste,-23.5015,-47.4526
2025-07-29T12:00,1.1,1.0,1.0,81.0,29,Sorocaba,SP,Sudeste,-23.5015,-47.4526
2025-07-29T13:00,1.2,1.1,0.4,84.0,28,Sorocaba,SP,Sudeste,-23.5015,-47.4526
2025-07-29T14:00,1.3,1.1,0.1,85.0,30,Sorocaba,SP,Sudeste,-23.5015,-47.4526
2025-07-29T15:00,1.3,1.2,1.1,83.0,32,Sorocaba,SP,Sudeste,-23.5015,-47.4526
2025-07-29T16:00,1.3,1.1,4.3,76.0,34,Sorocaba,SP,Sudeste,-23.5015,-47.4526
2025-07-29T17:00,1.3,1.2,8.9,66.0,36,Sorocaba,SP,Sudeste,-23.5015,-47.4526
2025-07-29T18:00,3.4,3.2,13.6,55.0,36,Sorocaba,SP,Sudeste,-23.5015,-47.4526
2025-07-29T19:00,6.6,6.3,18.5,44.0,35,Sorocaba,SP,Sudeste,-23.5015,-47.4526
2025-07-29T20:00,8.3,7.9,23.6,33.0,33,Sorocaba,SP,Sudeste,-23.5015,-47.4526
2025-07-29T21:00,8.4,8.1,26.9,25.0,30,Sorocaba,SP,Sudeste,-23.5015,-47.4526
2025-07-29T22:00,8.6,8.3,27.4,21.0,27,Sorocaba,SP,Sudeste,-23.5015,-47.4526
2025-07-29T23:00,9.1,8.8,26.2,20.0,23,Sorocaba,SP,Sudeste,-23.5015,-47.4526
2025-07-30T00:00,9.3,9.0,24.7,20.0,25,Sorocaba,SP,Sudeste,-23.5015,-47.4526
2025-07-30T01:00,9.4,9.1,23.2,20.0,26,Sorocaba,SP,Sudeste,-23.5015,-47.4526
2025-07-30T02:00,9.4,9.1,21.4,21.0,27,Sorocaba,SP,Sudeste,-23.5015,-47.4526
2025-07-30T03:00,9.4,9.0,20.0,22.0,28,Sorocaba,SP,Sudeste,-23.5015,-47.4526
2025-07-30T04:00,9.4,8.9,19.5,22.0,29,Sorocaba,SP,Sudeste,-23.5015,-47.4526
2025-07-30T05:00,9.5,9.0,19.4,22.0,29,Sorocaba,SP,Sudeste,-23.5015,-47.4526
2025-07-30T06:00,9.5,8.9,18.4,26.0,30,Sorocaba,SP,Sudeste,-23.5015,-47.4526
2025-07-30T07:00,9.9,9.2,15.6,37.0,30,Sorocaba,SP,Sudeste,-23.5015,-47.4526
2025-07-30T08:00,9.4,8.6,11.9,52.0,31,Sorocaba,SP,Sudeste,-23.5015,-47.4526
2025-07-30T09:00,7.8,6.2,6.3,67.0,31,Sorocaba,SP,Sudeste,-23.5015,-47.4526
2025-07-30T10:00,7.5,5.7,4.9,71.0,32,Sorocaba,SP,Sudeste,-23.5015,-47.4526
2025-07-30T11:00,7.3,5.5,2.9,77.0,33,Sorocaba,SP,Sudeste,-23.5015,-47.4526
2025-07-30T12:00,7.3,5.5,1.5,81.0,34,Sorocaba,SP,Sudeste,-23.5015,-47.4526
2025-07-30T13:00,7.2,5.5,0.9,83.0,35,Sorocaba,SP,Sudeste,-23.5015,-47.4526
2025-07-30T14:00,7.0,5.3,0.7,84.0,36,Sorocaba,SP,Sudeste,-23.5015,-47.4526
2025-07-30T15:00,6.6,5.1,1.3,83.0,37,Sorocaba,SP,Sudeste,-23.5015,-47.4526
2025-07-30T16:00,6.3,4.9,3.0,78.0,38,Sorocaba,SP,Sudeste,-23.5015,-47.4526
2025-07-30T17:00,6.1,4.8,5.5,71.0,39,Sorocaba,SP,Sudeste,-23.5015,-47.4526
2025-07-30T18:00,6.1,5.1,7.5,64.0,40,Sorocaba,SP,Sudeste,-23.5015,-47.4526
2025-07-30T19:00,6.3,5.3,8.6,58.0,40,Sorocaba,SP,Sudeste,-23.5015,-47.4526
2025-07-30T20:00,6.6,5.6,9.2,52.0,40,Sorocaba,SP,Sudeste,-23.5015,-47.4526
2025-07-30T21:00,7.9,7.0,9.5,53.0,39,Sorocaba,SP,Sudeste,-23.5015,-47.4526
2025-07-30T22:00,8.1,7.1,9.9,52.0,39,Sorocaba,SP,Sudeste,-23.5015,-47.4526
2025-07-30T23:00,8.4,7.3,10.3,50.0,39,Sorocaba,SP,Sudeste,-23.5015,-47.4526
2025-07-31T00:00,8.6,7.5,10.5,49.0,39,Sorocaba,SP,Sudeste,-23.5015,-47.4526
2025-07-31T01:00,8.8,7.6,10.1,49.0,38,Sorocaba,SP,Sudeste,-23.5015,-47.4526
2025-07-31T02:00,9.1,7.7,9.4,49.0,38,Sorocaba,SP,Sudeste,-23.5015,-47.4526
2025-07-31T03:00,9.4,8.0,8.9,49.0,38,Sorocaba,SP,Sudeste,-23.5015,-47.4526
2025-07-31T04:00,9.8,8.3,9.0,49.0,37,Sorocaba,SP,Sudeste,-23.5015,-47.4526
2025-07-31T05:00,10.1,8.5,9.3,49.0,37,Sorocaba,SP,Sudeste,-23.5015,-47.4526
2025-07-31T06:00,10.5,8.9,9.7,50.0,37,Sorocaba,SP,Sudeste,-23.5015,-47.4526
2025-07-31T07:00,11.3,9.6,10.2,52.0,37,Sorocaba,SP,Sudeste,-23.5015,-47.4526
2025-07-31T08:00,11.3,9.7,10.8,56.0,37,Sorocaba,SP,Sudeste,-23.5015,-47.4526
2025-07-31T09:00,11.1,9.2,10.0,65.0,37,Sorocaba,SP,Sudeste,-23.5015,-47.4526
2025-07-31T10:00,11.4,9.3,8.4,75.0,38,Sorocaba,SP,Sudeste,-23.5015,-47.4526
2025-07-31T11:00,12.1,9.9,6.2,89.0,39,Sorocaba,SP,Sudeste,-23.5015,-47.4526
2025-07-31T12:00,13.0,10.7,4.4,102.0,40,Sorocaba,SP,Sudeste,-23.5015,-47.4526
2025-07-31T13:00,13.4,11.4,3.3,114.0,41,Sorocaba,SP,Sudeste,-23.5015,-47.4526
2025-07-31T14:00,13.5,11.8,2.6,124.0,43,Sorocaba,SP,Sudeste,-23.5015,-47.4526
2025-07-31T15:00,14.0,12.4,2.9,128.0,44,Sorocaba,SP,Sudeste,-23.5015,-47.4526
2025-07-31T16:00,14.5,13.0,5.0,123.0,46,Sorocaba,SP,Sudeste,-23.5015,-47.4526
2025-07-31T17:00,14.6,13.1,8.0,111.0,48,Sorocaba,SP,Sudeste,-23.5015,-47.4526
2025-07-31T18:00,13.8,12.6,10.5,99.0,51,Sorocaba,SP,Sudeste,-23.5015,-47.4526
2025-07-31T19:00,13.4,12.2,11.8,86.0,56,Sorocaba,SP,Sudeste,-23.5015,-47.4526
2025-07-31T20:00,13.2,11.7,12.5,71.0,55,Sorocaba,SP,Sudeste,-23.5015,-47.4526
2025-07-31T21:00,9.2,8.1,14.2,58.0,51,Sorocaba,SP,Sudeste,-23.5015,-47.4526
2025-07-31T22:00,9.2,8.0,14.1,55.0,52,Sorocaba,SP,Sudeste,-23.5015,-47.4526
2025-07-31T23:00,9.1,7.8,13.9,51.0,52,Sorocaba,SP,Sudeste,-23.5015,-47.4526
2025-07-01T00:00,8.1,4.9,2.1,63.0,44,Olinda,PE,Nordeste,-8.0089,-34.8553
2025-07-01T01:00,8.2,5.0,2.0,63.0,43,Olinda,PE,Nordeste,-8.0089,-34.8553
2025-07-01T02:00,8.1,4.9,1.8,64.0,42,Olinda,PE,Nordeste,-8.0089,-34.8553
2025-07-01T03:00,7.1,4.4,1.8,64.0,42,Olinda,PE,Nordeste,-8.0089,-34.8553
2025-07-01T04:00,7.4,4.6,2.0,64.0,41,Olinda,PE,Nordeste,-8.0089,-34.8553
2025-07-01T05:00,7.2,4.5,2.2,63.0,40,Olinda,PE,Nordeste,-8.0089,-34.8553
2025-07-01T06:00,6.8,4.2,2.4,64.0,39,Olinda,PE,Nordeste,-8.0089,-34.8553
2025-07-01T07:00,7.2,4.5,2.4,67.0,38,Olinda,PE,Nordeste,-8.0089,-34.8553
2025-07-01T08:00,7.8,4.9,2.4,71.0,37,Olinda,PE,Nordeste,-8.0089,-34.8553
2025-07-01T09:00,9.3,5.9,2.3,73.0,36,Olinda,PE,Nordeste,-8.0089,-34.8553
2025-07-01T10:00,9.7,6.2,2.1,74.0,35,Olinda,PE,Nordeste,-8.0089,-34.8553
2025-07-01T11:00,9.9,6.4,1.9,76.0,33,Olinda,PE,Nordeste,-8.0089,-34.8553
2025-07-01T12:00,9.7,6.3,1.8,77.0,33,Olinda,PE,Nordeste,-8.0089,-34.8553
2025-07-01T13:00,9.2,5.9,1.9,76.0,33,Olinda,PE,Nordeste,-8.0089,-34.8553
2025-07-01T14:00,9.5,6.1,2.0,74.0,34,Olinda,PE,Nordeste,-8.0089,-34.8553
2025-07-01T15:00,9.7,6.3,2.3,71.0,34,Olinda,PE,Nordeste,-8.0089,-34.8553
2025-07-01T16:00,9.1,5.8,2.8,67.0,34,Olinda,PE,Nordeste,-8.0089,-34.8553
2025-07-01T17:00,8.6,5.4,3.3,63.0,34,Olinda,PE,Nordeste,-8.0089,-34.8553
2025-07-01T18:00,8.6,5.4,3.6,60.0,34,Olinda,PE,Nordeste,-8.0089,-34.8553
2025-07-01T19:00,8.1,5.1,3.4,60.0,33,Olinda,PE,Nordeste,-8.0089,-34.8553
2025-07-01T20:00,7.7,4.8,3.0,61.0,32,Olinda,PE,Nordeste,-8.0089,-34.8553
2025-07-01T21:00,11.1,6.8,2.5,62.0,31,Olinda,PE,Nordeste,-8.0089,-34.8553
2025-07-01T22:00,10.9,6.7,2.3,63.0,30,Olinda,PE,Nordeste,-8.0089,-34.8553
2025-07-01T23:00,10.9,6.7,2.1,64.0,30,Olinda,PE,Nordeste,-8.0089,-34.8553
2025-07-02T00:00,11.2,6.8,1.9,65.0,30,Olinda,PE,Nordeste,-8.0089,-34.8553
2025-07-02T01:00,10.8,6.6,1.7,66.0,31,Olinda,PE,Nordeste,-8.0089,-34.8553
2025-07-02T02:00,11.5,6.9,1.6,67.0,31,Olinda,PE,Nordeste,-8.0089,-34.8553
2025-07-02T03:00,11.5,6.9,1.6,68.0,32,Olinda,PE,Nordeste,-8.0089,-34.8553
2025-07-02T04:00,10.4,6.3,1.9,68.0,32,Olinda,PE,Nordeste,-8.0089,-34.8553
2025-07-02T05:00,9.8,6.0,2.3,68.0,33,Olinda,PE,Nordeste,-8.0089,-34.8553
2025-07-02T06:00,9.7,6.0,2.6,69.0,33,Olinda,PE,Nordeste,-8.0089,-34.8553
2025-07-02T07:00,10.2,6.2,2.7,71.0,33,Olinda,PE,Nordeste,-8.0089,-34.8553
2025-07-02T08:00,10.2,6.4,2.6,73.0,34,Olinda,PE,Nordeste,-8.0089,-34.8553
2025-07-02T09:00,11.1,6.9,2.2,78.0,34,Olinda,PE,Nordeste,-8.0089,-34.8553
2025-07-02T10:00,11.5,7.1,2.0,80.0,34,Olinda,PE,Nordeste,-8.0089,-34.8553
2025-07-02T11:00,10.8,6.8,1.8,82.0,35,Olinda,PE,Nordeste,-8.0089,-34.8553
2025-07-02T12:00,10.6,6.7,1.7,83.0,35,Olinda,PE,Nordeste,-8.0089,-34.8553
2025-07-02T13:00,11.5,7.2,1.7,82.0,35,Olinda,PE,Nordeste,-8.0089,-34.8553
2025-07-02T14:00,11.5,7.2,1.8,79.0,36,Olinda,PE,Nordeste,-8.0089,-34.8553
2025-07-02T15:00,11.3,7.1,1.9,77.0,36,Olinda,PE,Nordeste,-8.0089,-34.8553
2025-07-02T16:00,11.0,6.9,2.2,75.0,37,Olinda,PE,Nordeste,-8.0089,-34.8553
2025-07-02T17:00,10.7,6.7,2.5,74.0,37,Olinda,PE,Nordeste,-8.0089,-34.8553
2025-07-02T18:00,10.3,6.5,2.7,73.0,37,Olinda,PE,Nordeste,-8.0089,-34.8553
2025-07-02T19:00,10.3,6.5,2.5,74.0,36,Olinda,PE,Nordeste,-8.0089,-34.8553
2025-07-02T20:00,10.4,6.6,2.0,75.0,37,Olinda,PE,Nordeste,-8.0089,-34.8553
2025-07-02T21:00,9.3,6.0,2.2,75.0,37,Olinda,PE,Nordeste,-8.0089,-34.8553
2025-07-02T22:00,9.2,5.9,2.1,75.0,37,Olinda,PE,Nordeste,-8.0089,-34.8553
2025-07-02T23:00,9.3,6.0,1.9,76.0,37,Olinda,PE,Nordeste,-8.0089,-34.8553
2025-07-03T00:00,9.5,6.1,1.8,76.0,37,Olinda,PE,Nordeste,-8.0089,-34.8553
2025-07-03T01:00,9.9,6.4,1.7,76.0,36,Olinda,PE,Nordeste,-8.0089,-34.8553
2025-07-03T02:00,9.8,6.3,1.6,77.0,36,Olinda,PE,Nordeste,-8.0089,-34.8553
2025-07-03T03:00,9.7,6.3,1.5,77.0,36,Olinda,PE,Nordeste,-8.0089,-34.8553
2025-07-03T04:00,9.6,6.2,1.5,77.0,36,Olinda,PE,Nordeste,-8.0089,-34.8553
2025-07-03T05:00,10.0,6.3,1.7,76.0,36,Olinda,PE,Nordeste,-8.0089,-34.8553
2025-07-03T06:00,10.3,6.3,1.7,76.0,36,Olinda,PE,Nordeste,-8.0089,-34.8553
2025-07-03T07:00,9.6,5.9,1.6,75.0,36,Olinda,PE,Nordeste,-8.0089,-34.8553
2025-07-03T08:00,9.2,5.6,1.5,75.0,36,Olinda,PE,Nordeste,-8.0089,-34.8553
2025-07-03T09:00,8.4,5.1,1.6,76.0,36,Olinda,PE,Nordeste,-8.0089,-34.8553
2025-07-03T10:00,8.2,5.2,1.6,77.0,36,Olinda,PE,Nordeste,-8.0089,-34.8553
2025-07-03T11:00,8.2,5.3,1.5,79.0,35,Olinda,PE,Nordeste,-8.0089,-34.8553
2025-07-03T12:00,8.7,5.7,1.5,80.0,35,Olinda,PE,Nordeste,-8.0089,-34.8553
2025-07-03T13:00,9.5,6.3,1.6,80.0,36,Olinda,PE,Nordeste,-8.0089,-34.8553
2025-07-03T14:00,9.9,6.5,1.7,79.0,36,Olinda,PE,Nordeste,-8.0089,-34.8553
2025-07-03T15:00,10.0,6.6,1.9,77.0,36,Olinda,PE,Nordeste,-8.0089,-34.8553
2025-07-03T16:00,10.7,7.0,2.2,74.0,36,Olinda,PE,Nordeste,-8.0089,-34.8553
2025-07-03T17:00,12.2,7.9,2.6,71.0,36,Olinda,PE,Nordeste,-8.0089,-34.8553
2025-07-03T18:00,13.4,8.6,2.8,69.0,36,Olinda,PE,Nordeste,-8.0089,-34.8553
2025-07-03T19:00,12.8,8.2,2.5,69.0,35,Olinda,PE,Nordeste,-8.0089,-34.8553
2025-07-03T20:00,15.6,9.8,2.0,71.0,35,Olinda,PE,Nordeste,-8.0089,-34.8553
2025-07-03T21:00,13.2,8.0,1.7,73.0,36,Olinda,PE,Nordeste,-8.0089,-34.8553
2025-07-03T22:00,13.1,7.9,1.4,75.0,36,Olinda,PE,Nordeste,-8.0089,-34.8553
2025-07-03T23:00,13.0,7.9,1.1,77.0,37,Olinda,PE,Nordeste,-8.0089,-34.8553
2025-07-04T00:00,12.7,7.7,0.8,79.0,37,Olinda,PE,Nordeste,-8.0089,-34.8553
2025-07-04T01:00,12.6,7.7,0.6,80.0,38,Olinda,PE,Nordeste,-8.0089,-34.8553
2025-07-04T02:00,12.7,7.7,0.6,81.0,38,Olinda,PE,Nordeste,-8.0089,-34.8553
2025-07-04T03:00,12.9,7.8,0.6,82.0,38,Olinda,PE,Nordeste,-8.0089,-34.8553
2025-07-04T04:00,12.8,7.8,0.9,82.0,39,Olinda,PE,Nordeste,-8.0089,-34.8553
2025-07-04T05:00,13.0,7.9,1.2,81.0,39,Olinda,PE,Nordeste,-8.0089,-34.8553
2025-07-04T06:00,12.6,7.7,1.5,81.0,39,Olinda,PE,Nordeste,-8.0089,-34.8553
2025-07-04T07:00,12.5,7.7,1.6,82.0,40,Olinda,PE,Nordeste,-8.0089,-34.8553
2025-07-04T08:00,13.4,8.3,1.5,84.0,40,Olinda,PE,Nordeste,-8.0089,-34.8553
2025-07-04T09:00,11.4,7.1,1.5,84.0,41,Olinda,PE,Nordeste,-8.0089,-34.8553
2025-07-04T10:00,10.7,6.6,1.4,84.0,41,Olinda,PE,Nordeste,-8.0089,-34.8553
2025-07-04T11:00,10.3,6.4,1.2,83.0,42,Olinda,PE,Nordeste,-8.0089,-34.8553
2025-07-04T12:00,9.8,6.2,1.2,82.0,42,Olinda,PE,Nordeste,-8.0089,-34.8553
2025-07-04T13:00,9.3,5.9,1.3,81.0,42,Olinda,PE,Nordeste,-8.0089,-34.8553
2025-07-04T14:00,8.9,5.7,1.6,79.0,42,Olinda,PE,Nordeste,-8.0089,-34.8553
2025-07-04T15:00,8.6,5.6,1.9,77.0,42,Olinda,PE,Nordeste,-8.0089,-34.8553
2025-07-04T16:00,8.4,5.5,2.5,73.0,41,Olinda,PE,Nordeste,-8.0089,-34.8553
2025-07-04T17:00,8.3,5.4,3.1,69.0,41,Olinda,PE,Nordeste,-8.0089,-34.8553
2025-07-04T18:00,8.6,5.5,3.4,66.0,41,Olinda,PE,Nordeste,-8.0089,-34.8553
2025-07-04T19:00,9.1,5.8,3.1,66.0,40,Olinda,PE,Nordeste,-8.0089,-34.8553
2025-07-04T20:00,9.8,6.3,2.5,68.0,39,Olinda,PE,Nordeste,-8.0089,-34.8553
2025-07-04T21:00,9.9,6.3,1.9,69.0,38,Olinda,PE,Nordeste,-8.0089,-34.8553
2025-07-04T22:00,10.5,6.6,1.7,70.0,38,Olinda,PE,Nordeste,-8.0089,-34.8553
2025-07-04T23:00,10.7,6.7,1.4,71.0,38,Olinda,PE,Nordeste,-8.0089,-34.8553
2025-07-05T00:00,10.8,6.8,1.2,72.0,37,Olinda,PE,Nordeste,-8.0089,-34.8553
2025-07-05T01:00,10.8,6.7,1.0,73.0,37,Olinda,PE,Nordeste,-8.0089,-34.8553
2025-07-05T02:00,10.6,6.6,1.0,73.0,37,Olinda,PE,Nordeste,-8.0089,-34.8553
2025-07-05T03:00,10.5,6.5,1.0,74.0,37,Olinda,PE,Nordeste,-8.0089,-34.8553
2025-07-05T04:00,10.5,6.5,1.3,74.0,36,Olinda,PE,Nordeste,-8.0089,-34.8553
2025-07-05T05:00,10.6,6.5,1.8,74.0,36,Olinda,PE,Nordeste,-8.0089,-34.8553
2025-07-05T06:00,10.7,6.6,2.1,75.0,36,Olinda,PE,Nordeste,-8.0089,-34.8553
2025-07-05T07:00,10.7,6.8,2.2,77.0,36,Olinda,PE,Nordeste,-8.0089,-34.8553
2025-07-05T08:00,10.9,6.9,2.1,80.0,35,Olinda,PE,Nordeste,-8.0089,-34.8553
2025-07-05T09:00,10.1,6.5,2.0,83.0,35,Olinda,PE,Nordeste,-8.0089,-34.8553
2025-07-05T10:00,10.5,6.9,1.8,85.0,35,Olinda,PE,Nordeste,-8.0089,-34.8553
2025-07-05T11:00,10.7,7.2,1.6,89.0,36,Olinda,PE,Nordeste,-8.0089,-34.8553
2025-07-05T12:00,11.1,7.4,1.5,90.0,37,Olinda,PE,Nordeste,-8.0089,-34.8553
2025-07-05T13:00,11.0,7.3,1.5,89.0,38,Olinda,PE,Nordeste,-8.0089,-34.8553
2025-07-05T14:00,10.9,7.3,1.7,85.0,39,Olinda,PE,Nordeste,-8.0089,-34.8553
2025-07-05T15:00,10.9,7.2,1.9,82.0,39,Olinda,PE,Nordeste,-8.0089,-34.8553
2025-07-05T16:00,10.7,7.2,2.3,78.0,40,Olinda,PE,Nordeste,-8.0089,-34.8553
2025-07-05T17:00,10.8,7.2,2.8,75.0,39,Olinda,PE,Nordeste,-8.0089,-34.8553
2025-07-05T18:00,11.1,7.3,3.0,72.0,39,Olinda,PE,Nordeste,-8.0089,-34.8553
2025-07-05T19:00,11.0,7.2,2.8,71.0,38,Olinda,PE,Nordeste,-8.0089,-34.8553
2025-07-05T20:00,10.8,7.1,2.4,72.0,38,Olinda,PE,Nordeste,-8.0089,-34.8553
2025-07-05T21:00,11.2,7.3,2.0,73.0,38,Olinda,PE,Nordeste,-8.0089,-34.8553
2025-07-05T22:00,11.2,7.2,1.9,74.0,38,Olinda,PE,Nordeste,-8.0089,-34.8553
2025-07-05T23:00,11.0,7.1,1.6,74.0,39,Olinda,PE,Nordeste,-8.0089,-34.8553
2025-07-06T00:00,10.9,7.0,1.5,75.0,39,Olinda,PE,Nordeste,-8.0089,-34.8553
2025-07-06T01:00,10.8,6.9,1.4,75.0,39,Olinda,PE,Nordeste,-8.0089,-34.8553
2025-07-06T02:00,10.7,6.8,1.4,75.0,39,Olinda,PE,Nordeste,-8.0089,-34.8553
2025-07-06T03:00,10.6,6.7,1.5,75.0,39,Olinda,PE,Nordeste,-8.0089,-34.8553
2025-07-06T04:00,10.5,6.6,1.8,74.0,39,Olinda,PE,Nordeste,-8.0089,-34.8553
2025-07-06T05:00,10.4,6.6,2.2,73.0,39,Olinda,PE,Nordeste,-8.0089,-34.8553
2025-07-06T06:00,10.4,6.6,2.5,73.0,39,Olinda,PE,Nordeste,-8.0089,-34.8553
2025-07-06T07:00,10.4,6.7,2.5,74.0,39,Olinda,PE,Nordeste,-8.0089,-34.8553
2025-07-06T08:00,10.6,7.0,2.4,77.0,39,Olinda,PE,Nordeste,-8.0089,-34.8553
2025-07-06T09:00,8.3,5.6,2.7,77.0,39,Olinda,PE,Nordeste,-8.0089,-34.8553
2025-07-06T10:00,8.6,5.8,2.4,79.0,39,Olinda,PE,Nordeste,-8.0089,-34.8553
2025-07-06T11:00,8.6,5.7,1.9,82.0,38,Olinda,PE,Nordeste,-8.0089,-34.8553
2025-07-06T12:00,8.5,5.5,1.6,83.0,38,Olinda,PE,Nordeste,-8.0089,-34.8553
2025-07-06T13:00,8.6,5.5,1.7,81.0,38,Olinda,PE,Nordeste,-8.0089,-34.8553
2025-07-06T14:00,8.5,5.5,1.9,78.0,37,Olinda,PE,Nordeste,-8.0089,-34.8553
2025-07-06T15:00,8.5,5.5,2.2,75.0,37,Olinda,PE,Nordeste,-8.0089,-34.8553
2025-07-06T16:00,8.3,5.4,2.5,72.0,37,Olinda,PE,Nordeste,-8.0089,-34.8553
2025-07-06T17:00,8.1,5.2,2.9,70.0,36,Olinda,PE,Nordeste,-8.0089,-34.8553
2025-07-06T18:00,7.9,5.0,3.0,68.0,36,Olinda,PE,Nordeste,-8.0089,-34.8553
2025-07-06T19:00,7.9,5.0,2.7,67.0,35,Olinda,PE,Nordeste,-8.0089,-34.8553
2025-07-06T20:00,8.0,5.0,2.2,67.0,35,Olinda,PE,Nordeste,-8.0089,-34.8553
2025-07-06T21:00,8.5,5.3,1.8,67.0,34,Olinda,PE,Nordeste,-8.0089,-34.8553
2025-07-06T22:00,8.9,5.5,1.6,67.0,34,Olinda,PE,Nordeste,-8.0089,-34.8553
2025-07-06T23:00,9.4,5.8,1.4,67.0,33,Olinda,PE,Nordeste,-8.0089,-34.8553
2025-07-07T00:00,9.7,6.0,1.3,67.0,33,Olinda,PE,Nordeste,-8.0089,-34.8553
2025-07-07T01:00,9.4,5.8,1.3,67.0,33,Olinda,PE,Nordeste,-8.0089,-34.8553
2025-07-07T02:00,9.2,5.6,1.5,67.0,32,Olinda,PE,Nordeste,-8.0089,-34.8553
2025-07-07T03:00,8.8,5.5,1.7,66.0,32,Olinda,PE,Nordeste,-8.0089,-34.8553
2025-07-07T04:00,8.5,5.4,2.2,64.0,32,Olinda,PE,Nordeste,-8.0089,-34.8553
2025-07-07T05:00,8.2,5.4,2.8,62.0,32,Olinda,PE,Nordeste,-8.0089,-34.8553
2025-07-07T06:00,8.4,5.6,3.2,62.0,31,Olinda,PE,Nordeste,-8.0089,-34.8553
2025-07-07T07:00,8.3,5.7,3.1,65.0,31,Olinda,PE,Nordeste,-8.0089,-34.8553
2025-07-07T08:00,9.3,6.1,2.8,69.0,31,Olinda,PE,Nordeste,-8.0089,-34.8553
2025-07-07T09:00,9.2,5.9,2.2,74.0,31,Olinda,PE,Nordeste,-8.0089,-34.8553
2025-07-07T10:00,9.9,6.4,2.0,74.0,31,Olinda,PE,Nordeste,-8.0089,-34.8553
2025-07-07T11:00,9.9,6.4,1.8,74.0,31,Olinda,PE,Nordeste,-8.0089,-34.8553
2025-07-07T12:00,9.7,6.2,1.7,73.0,32,Olinda,PE,Nordeste,-8.0089,-34.8553
2025-07-07T13:00,9.7,6.1,1.8,71.0,32,Olinda,PE,Nordeste,-8.0089,-34.8553
2025-07-07T14:00,9.5,6.1,2.0,67.0,33,Olinda,PE,Nordeste,-8.0089,-34.8553
2025-07-07T15:00,9.2,5.8,2.3,64.0,33,Olinda,PE,Nordeste,-8.0089,-34.8553
2025-07-07T16:00,8.9,5.6,2.6,61.0,33,Olinda,PE,Nordeste,-8.0089,-34.8553
2025-07-07T17:00,8.6,5.4,3.0,59.0,32,Olinda,PE,Nordeste,-8.0089,-34.8553
2025-07-07T18:00,8.3,5.2,3.1,57.0,32,Olinda,PE,Nordeste,-8.0089,-34.8553
2025-07-07T19:00,8.1,5.0,2.8,57.0,32,Olinda,PE,Nordeste,-8.0089,-34.8553
2025-07-07T20:00,7.9,4.9,2.2,58.0,32,Olinda,PE,Nordeste,-8.0089,-34.8553
2025-07-07T21:00,6.9,4.2,1.8,59.0,32,Olinda,PE,Nordeste,-8.0089,-34.8553
2025-07-07T22:00,7.0,4.2,1.8,59.0,31,Olinda,PE,Nordeste,-8.0089,-34.8553
2025-07-07T23:00,7.0,4.2,1.7,59.0,31,Olinda,PE,Nordeste,-8.0089,-34.8553
2025-07-08T00:00,7.0,4.2,1.7,59.0,31,Olinda,PE,Nordeste,-8.0089,-34.8553
2025-07-08T01:00,7.0,4.2,1.8,59.0,30,Olinda,PE,Nordeste,-8.0089,-34.8553
2025-07-08T02:00,6.9,4.2,2.0,58.0,30,Olinda,PE,Nordeste,-8.0089,-34.8553
2025-07-08T03:00,6.7,4.2,2.1,58.0,30,Olinda,PE,Nordeste,-8.0089,-34.8553
2025-07-08T04:00,7.2,4.5,2.2,58.0,29,Olinda,PE,Nordeste,-8.0089,-34.8553
2025-07-08T05:00,7.5,4.6,2.4,59.0,29,Olinda,PE,Nordeste,-8.0089,-34.8553
2025-07-08T06:00,8.1,5.0,2.4,60.0,29,Olinda,PE,Nordeste,-8.0089,-34.8553
2025-07-08T07:00,8.6,5.3,2.2,62.0,29,Olinda,PE,Nordeste,-8.0089,-34.8553
2025-07-08T08:00,9.3,5.8,1.9,64.0,29,Olinda,PE,Nordeste,-8.0089,-34.8553
2025-07-08T09:00,10.4,6.5,1.7,68.0,29,Olinda,PE,Nordeste,-8.0089,-34.8553
2025-07-08T10:00,10.8,6.7,1.6,69.0,29,Olinda,PE,Nordeste,-8.0089,-34.8553
2025-07-08T11:00,10.8,6.8,1.4,70.0,29,Olinda,PE,Nordeste,-8.0089,-34.8553
2025-07-08T12:00,11.1,7.0,1.3,70.0,30,Olinda,PE,Nordeste,-8.0089,-34.8553
2025-07-08T13:00,11.1,6.9,1.4,69.0,30,Olinda,PE,Nordeste,-8.0089,-34.8553
2025-07-08T14:00,10.7,6.6,1.6,66.0,31,Olinda,PE,Nordeste,-8.0089,-34.8553
2025-07-08T15:00,10.7,6.6,1.8,64.0,31,Olinda,PE,Nordeste,-8.0089,-34.8553
2025-07-08T16:00,10.5,6.4,2.0,62.0,31,Olinda,PE,Nordeste,-8.0089,-34.8553
2025-07-08T17:00,10.5,6.3,2.3,59.0,31,Olinda,PE,Nordeste,-8.0089,-34.8553
2025-07-08T18:00,10.3,6.2,2.4,58.0,31,Olinda,PE,Nordeste,-8.0089,-34.8553
2025-07-08T19:00,10.1,6.0,2.2,58.0,30,Olinda,PE,Nordeste,-8.0089,-34.8553
2025-07-08T20:00,9.8,5.9,1.8,59.0,30,Olinda,PE,Nordeste,-8.0089,-34.8553
2025-07-08T21:00,9.4,5.6,1.5,60.0,31,Olinda,PE,Nordeste,-8.0089,-34.8553
2025-07-08T22:00,9.3,5.5,1.4,60.0,31,Olinda,PE,Nordeste,-8.0089,-34.8553
2025-07-08T23:00,8.8,5.2,1.3,61.0,31,Olinda,PE,Nordeste,-8.0089,-34.8553
2025-07-09T00:00,8.6,5.1,1.2,61.0,32,Olinda,PE,Nordeste,-8.0089,-34.8553
2025-07-09T01:00,8.4,4.9,1.1,62.0,32,Olinda,PE,Nordeste,-8.0089,-34.8553
2025-07-09T02:00,8.2,4.9,1.0,62.0,32,Olinda,PE,Nordeste,-8.0089,-34.8553
2025-07-09T03:00,7.9,4.7,1.0,63.0,32,Olinda,PE,Nordeste,-8.0089,-34.8553
2025-07-09T04:00,8.1,4.8,1.2,63.0,32,Olinda,PE,Nordeste,-8.0089,-34.8553
2025-07-09T05:00,8.4,5.0,1.5,63.0,32,Olinda,PE,Nordeste,-8.0089,-34.8553
2025-07-09T06:00,8.3,4.9,1.7,63.0,32,Olinda,PE,Nordeste,-8.0089,-34.8553
2025-07-09T07:00,8.2,4.9,1.8,64.0,32,Olinda,PE,Nordeste,-8.0089,-34.8553
2025-07-09T08:00,8.3,5.0,1.8,65.0,32,Olinda,PE,Nordeste,-8.0089,-34.8553
2025-07-09T09:00,8.9,5.4,1.9,65.0,32,Olinda,PE,Nordeste,-8.0089,-34.8553
2025-07-09T10:00,8.8,5.4,1.9,64.0,32,Olinda,PE,Nordeste,-8.0089,-34.8553
2025-07-09T11:00,8.8,5.4,1.8,64.0,31,Olinda,PE,Nordeste,-8.0089,-34.8553
2025-07-09T12:00,8.0,4.9,1.9,63.0,31,Olinda,PE,Nordeste,-8.0089,-34.8553
2025-07-09T13:00,8.7,5.4,2.3,62.0,31,Olinda,PE,Nordeste,-8.0089,-34.8553
2025-07-09T14:00,8.1,5.1,2.8,62.0,30,Olinda,PE,Nordeste,-8.0089,-34.8553
2025-07-09T15:00,8.6,5.4,3.2,61.0,30,Olinda,PE,Nordeste,-8.0089,-34.8553
2025-07-09T16:00,9.3,5.8,3.3,60.0,30,Olinda,PE,Nordeste,-8.0089,-34.8553
2025-07-09T17:00,9.1,5.7,3.3,59.0,30,Olinda,PE,Nordeste,-8.0089,-34.8553
2025-07-09T18:00,9.2,5.7,3.2,59.0,29,Olinda,PE,Nordeste,-8.0089,-34.8553
2025-07-09T19:00,9.6,5.9,3.0,59.0,29,Olinda,PE,Nordeste,-8.0089,-34.8553
2025-07-09T20:00,9.2,5.6,2.6,59.0,29,Olinda,PE,Nordeste,-8.0089,-34.8553
2025-07-09T21:00,10.3,6.2,1.6,62.0,29,Olinda,PE,Nordeste,-8.0089,-34.8553
2025-07-09T22:00,10.4,6.2,1.6,62.0,29,Olinda,PE,Nordeste,-8.0089,-34.8553
2025-07-09T23:00,10.9,6.5,1.6,62.0,30,Olinda,PE,Nordeste,-8.0089,-34.8553
2025-07-10T00:00,10.3,6.2,1.6,62.0,30,Olinda,PE,Nordeste,-8.0089,-34.8553
2025-07-10T01:00,10.3,6.2,1.6,63.0,30,Olinda,PE,Nordeste,-8.0089,-34.8553
2025-07-10T02:00,10.0,6.0,1.5,63.0,30,Olinda,PE,Nordeste,-8.0089,-34.8553
2025-07-10T03:00,10.2,6.1,1.6,64.0,31,Olinda,PE,Nordeste,-8.0089,-34.8553
2025-07-10T04:00,10.8,6.4,1.8,64.0,31,Olinda,PE,Nordeste,-8.0089,-34.8553
2025-07-10T05:00,10.7,6.3,2.1,65.0,31,Olinda,PE,Nordeste,-8.0089,-34.8553
2025-07-10T06:00,10.9,6.4,2.3,66.0,32,Olinda,PE,Nordeste,-8.0089,-34.8553
2025-07-10T07:00,10.9,6.4,2.3,68.0,32,Olinda,PE,Nordeste,-8.0089,-34.8553
2025-07-10T08:00,11.8,7.0,2.1,71.0,32,Olinda,PE,Nordeste,-8.0089,-34.8553
2025-07-10T09:00,13.3,7.9,1.6,72.0,33,Olinda,PE,Nordeste,-8.0089,-34.8553
2025-07-10T10:00,12.2,7.4,1.5,74.0,33,Olinda,PE,Nordeste,-8.0089,-34.8553
2025-07-10T11:00,11.9,7.2,1.4,77.0,34,Olinda,PE,Nordeste,-8.0089,-34.8553
2025-07-10T12:00,12.4,7.6,1.4,79.0,34,Olinda,PE,Nordeste,-8.0089,-34.8553
2025-07-10T13:00,11.3,7.0,1.4,79.0,35,Olinda,PE,Nordeste,-8.0089,-34.8553
2025-07-10T14:00,11.4,7.1,1.5,77.0,35,Olinda,PE,Nordeste,-8.0089,-34.8553
2025-07-10T15:00,11.1,6.9,1.7,75.0,36,Olinda,PE,Nordeste,-8.0089,-34.8553
2025-07-10T16:00,11.0,6.7,2.2,71.0,36,Olinda,PE,Nordeste,-8.0089,-34.8553
2025-07-10T17:00,10.0,6.1,2.9,67.0,36,Olinda,PE,Nordeste,-8.0089,-34.8553
2025-07-10T18:00,9.0,5.5,3.3,64.0,36,Olinda,PE,Nordeste,-8.0089,-34.8553
2025-07-10T19:00,8.5,5.3,3.1,64.0,36,Olinda,PE,Nordeste,-8.0089,-34.8553
2025-07-10T20:00,8.2,5.1,2.6,65.0,36,Olinda,PE,Nordeste,-8.0089,-34.8553
2025-07-10T21:00,8.1,5.0,2.0,66.0,36,Olinda,PE,Nordeste,-8.0089,-34.8553
2025-07-10T22:00,8.8,5.5,2.0,66.0,36,Olinda,PE,Nordeste,-8.0089,-34.8553
2025-07-10T23:00,9.1,5.6,2.0,66.0,36,Olinda,PE,Nordeste,-8.0089,-34.8553
2025-07-11T00:00,10.2,6.3,2.0,66.0,35,Olinda,PE,Nordeste,-8.0089,-34.8553
2025-07-11T01:00,10.9,6.7,1.8,66.0,35,Olinda,PE,Nordeste,-8.0089,-34.8553
2025-07-11T02:00,11.5,7.0,1.5,67.0,36,Olinda,PE,Nordeste,-8.0089,-34.8553
2025-07-11T03:00,11.4,6.9,1.4,68.0,36,Olinda,PE,Nordeste,-8.0089,-34.8553
2025-07-11T04:00,11.8,7.0,1.6,69.0,36,Olinda,PE,Nordeste,-8.0089,-34.8553
2025-07-11T05:00,13.0,7.7,1.8,70.0,36,Olinda,PE,Nordeste,-8.0089,-34.8553
2025-07-11T06:00,12.1,7.2,2.0,71.0,36,Olinda,PE,Nordeste,-8.0089,-34.8553
2025-07-11T07:00,14.5,8.6,1.9,72.0,37,Olinda,PE,Nordeste,-8.0089,-34.8553
2025-07-11T08:00,15.4,9.1,1.7,74.0,37,Olinda,PE,Nordeste,-8.0089,-34.8553
2025-07-11T09:00,12.6,7.6,2.4,74.0,38,Olinda,PE,Nordeste,-8.0089,-34.8553
2025-07-11T10:00,14.6,8.6,2.1,75.0,38,Olinda,PE,Nordeste,-8.0089,-34.8553
2025-07-11T11:00,15.4,9.3,1.6,77.0,38,Olinda,PE,Nordeste,-8.0089,-34.8553
2025-07-11T12:00,14.7,8.8,1.3,78.0,38,Olinda,PE,Nordeste,-8.0089,-34.8553
2025-07-11T13:00,14.3,8.5,1.2,76.0,39,Olinda,PE,Nordeste,-8.0089,-34.8553
2025-07-11T14:00,13.2,7.9,1.2,74.0,39,Olinda,PE,Nordeste,-8.0089,-34.8553
2025-07-11T15:00,12.5,7.5,1.3,71.0,39,Olinda,PE,Nordeste,-8.0089,-34.8553
2025-07-11T16:00,11.7,7.0,1.4,69.0,39,Olinda,PE,Nordeste,-8.0089,-34.8553
2025-07-11T17:00,11.5,6.9,1.6,68.0,39,Olinda,PE,Nordeste,-8.0089,-34.8553
2025-07-11T18:00,11.6,6.9,1.7,67.0,39,Olinda,PE,Nordeste,-8.0089,-34.8553
2025-07-11T19:00,11.8,7.1,1.6,67.0,40,Olinda,PE,Nordeste,-8.0089,-34.8553
2025-07-11T20:00,12.6,7.5,1.4,67.0,40,Olinda,PE,Nordeste,-8.0089,-34.8553
2025-07-11T21:00,12.2,7.3,1.2,67.0,41,Olinda,PE,Nordeste,-8.0089,-34.8553
2025-07-11T22:00,12.0,7.2,1.2,67.0,41,Olinda,PE,Nordeste,-8.0089,-34.8553
2025-07-11T23:00,11.1,6.6,1.3,67.0,42,Olinda,PE,Nordeste,-8.0089,-34.8553
2025-07-12T00:00,11.1,6.6,1.3,67.0,42,Olinda,PE,Nordeste,-8.0089,-34.8553
2025-07-12T01:00,11.4,6.8,1.3,67.0,42,Olinda,PE,Nordeste,-8.0089,-34.8553
2025-07-12T02:00,10.9,6.5,1.2,67.0,42,Olinda,PE,Nordeste,-8.0089,-34.8553
2025-07-12T03:00,11.0,6.6,1.2,67.0,42,Olinda,PE,Nordeste,-8.0089,-34.8553
2025-07-12T04:00,11.3,6.7,1.4,67.0,42,Olinda,PE,Nordeste,-8.0089,-34.8553
2025-07-12T05:00,11.3,6.8,1.7,68.0,42,Olinda,PE,Nordeste,-8.0089,-34.8553
2025-07-12T06:00,10.5,6.4,1.9,69.0,42,Olinda,PE,Nordeste,-8.0089,-34.8553
2025-07-12T07:00,10.6,6.4,1.8,71.0,41,Olinda,PE,Nordeste,-8.0089,-34.8553
2025-07-12T08:00,11.9,7.2,1.6,72.0,41,Olinda,PE,Nordeste,-8.0089,-34.8553
2025-07-12T09:00,11.9,7.3,1.4,75.0,40,Olinda,PE,Nordeste,-8.0089,-34.8553
2025-07-12T10:00,11.8,7.3,1.4,76.0,40,Olinda,PE,Nordeste,-8.0089,-34.8553
2025-07-12T11:00,12.1,7.6,1.4,78.0,40,Olinda,PE,Nordeste,-8.0089,-34.8553
2025-07-12T12:00,12.1,7.6,1.5,78.0,40,Olinda,PE,Nordeste,-8.0089,-34.8553
2025-07-12T13:00,12.1,7.6,1.6,76.0,39,Olinda,PE,Nordeste,-8.0089,-34.8553
2025-07-12T14:00,11.4,7.1,1.6,74.0,39,Olinda,PE,Nordeste,-8.0089,-34.8553
2025-07-12T15:00,10.6,6.7,1.8,71.0,39,Olinda,PE,Nordeste,-8.0089,-34.8553
2025-07-12T16:00,10.0,6.3,2.2,68.0,39,Olinda,PE,Nordeste,-8.0089,-34.8553
2025-07-12T17:00,9.5,6.0,2.7,66.0,39,Olinda,PE,Nordeste,-8.0089,-34.8553
2025-07-12T18:00,9.1,5.7,3.0,64.0,38,Olinda,PE,Nordeste,-8.0089,-34.8553
2025-07-12T19:00,9.6,6.0,2.8,64.0,38,Olinda,PE,Nordeste,-8.0089,-34.8553
2025-07-12T20:00,11.7,7.3,2.5,64.0,38,Olinda,PE,Nordeste,-8.0089,-34.8553
2025-07-12T21:00,8.9,5.5,2.3,65.0,38,Olinda,PE,Nordeste,-8.0089,-34.8553
2025-07-12T22:00,9.3,5.8,2.2,65.0,37,Olinda,PE,Nordeste,-8.0089,-34.8553
2025-07-12T23:00,10.0,6.2,2.1,65.0,37,Olinda,PE,Nordeste,-8.0089,-34.8553
2025-07-13T00:00,10.2,6.3,2.0,65.0,37,Olinda,PE,Nordeste,-8.0089,-34.8553
2025-07-13T01:00,10.0,6.2,1.8,65.0,37,Olinda,PE,Nordeste,-8.0089,-34.8553
2025-07-13T02:00,10.4,6.4,1.7,66.0,37,Olinda,PE,Nordeste,-8.0089,-34.8553
2025-07-13T03:00,10.8,6.7,1.7,66.0,37,Olinda,PE,Nordeste,-8.0089,-34.8553
2025-07-13T04:00,10.7,6.7,2.2,65.0,37,Olinda,PE,Nordeste,-8.0089,-34.8553
2025-07-13T05:00,10.4,6.7,3.0,64.0,37,Olinda,PE,Nordeste,-8.0089,-34.8553
2025-07-13T06:00,10.3,6.6,3.4,64.0,37,Olinda,PE,Nordeste,-8.0089,-34.8553
2025-07-13T07:00,10.3,6.7,3.2,67.0,37,Olinda,PE,Nordeste,-8.0089,-34.8553
2025-07-13T08:00,10.5,6.8,2.6,72.0,37,Olinda,PE,Nordeste,-8.0089,-34.8553
2025-07-13T09:00,11.5,7.8,2.7,73.0,37,Olinda,PE,Nordeste,-8.0089,-34.8553
2025-07-13T10:00,12.4,8.1,2.3,75.0,37,Olinda,PE,Nordeste,-8.0089,-34.8553
2025-07-13T11:00,12.9,8.2,1.7,78.0,37,Olinda,PE,Nordeste,-8.0089,-34.8553
2025-07-13T12:00,12.5,7.9,1.4,79.0,37,Olinda,PE,Nordeste,-8.0089,-34.8553
2025-07-13T13:00,12.1,7.7,1.4,78.0,37,Olinda,PE,Nordeste,-8.0089,-34.8553
2025-07-13T14:00,11.7,7.4,1.7,76.0,37,Olinda,PE,Nordeste,-8.0089,-34.8553
2025-07-13T15:00,10.7,6.8,2.0,73.0,37,Olinda,PE,Nordeste,-8.0089,-34.8553
2025-07-13T16:00,9.8,6.2,2.5,69.0,37,Olinda,PE,Nordeste,-8.0089,-34.8553
2025-07-13T17:00,9.2,5.7,3.1,64.0,37,Olinda,PE,Nordeste,-8.0089,-34.8553
2025-07-13T18:00,8.6,5.3,3.4,61.0,37,Olinda,PE,Nordeste,-8.0089,-34.8553
2025-07-13T19:00,8.0,4.9,3.1,60.0,37,Olinda,PE,Nordeste,-8.0089,-34.8553
2025-07-13T20:00,7.7,4.7,2.4,61.0,37,Olinda,PE,Nordeste,-8.0089,-34.8553
2025-07-13T21:00,7.8,4.7,1.8,63.0,36,Olinda,PE,Nordeste,-8.0089,-34.8553
2025-07-13T22:00,7.9,4.8,1.7,64.0,36,Olinda,PE,Nordeste,-8.0089,-34.8553
2025-07-13T23:00,7.5,4.6,1.5,64.0,36,Olinda,PE,Nordeste,-8.0089,-34.8553
2025-07-14T00:00,7.9,4.8,1.4,65.0,36,Olinda,PE,Nordeste,-8.0089,-34.8553
2025-07-14T01:00,8.6,5.2,1.3,65.0,35,Olinda,PE,Nordeste,-8.0089,-34.8553
2025-07-14T02:00,9.9,6.0,1.3,65.0,35,Olinda,PE,Nordeste,-8.0089,-34.8553
2025-07-14T03:00,9.8,6.0,1.4,65.0,35,Olinda,PE,Nordeste,-8.0089,-34.8553
2025-07-14T04:00,9.7,6.0,1.8,64.0,35,Olinda,PE,Nordeste,-8.0089,-34.8553
2025-07-14T05:00,11.0,6.7,2.3,64.0,35,Olinda,PE,Nordeste,-8.0089,-34.8553
2025-07-14T06:00,11.1,6.8,2.6,64.0,35,Olinda,PE,Nordeste,-8.0089,-34.8553
2025-07-14T07:00,11.3,6.9,2.6,66.0,35,Olinda,PE,Nordeste,-8.0089,-34.8553
2025-07-14T08:00,11.2,6.9,2.3,68.0,35,Olinda,PE,Nordeste,-8.0089,-34.8553
2025-07-14T09:00,12.9,8.0,2.5,69.0,35,Olinda,PE,Nordeste,-8.0089,-34.8553
2025-07-14T10:00,13.1,8.1,2.3,70.0,35,Olinda,PE,Nordeste,-8.0089,-34.8553
2025-07-14T11:00,13.0,8.1,2.1,71.0,35,Olinda,PE,Nordeste,-8.0089,-34.8553
2025-07-14T12:00,13.1,8.1,2.0,71.0,35,Olinda,PE,Nordeste,-8.0089,-34.8553
2025-07-14T13:00,13.6,8.4,2.1,70.0,35,Olinda,PE,Nordeste,-8.0089,-34.8553
2025-07-14T14:00,13.6,8.4,2.4,69.0,35,Olinda,PE,Nordeste,-8.0089,-34.8553
2025-07-14T15:00,13.9,8.6,2.6,68.0,35,Olinda,PE,Nordeste,-8.0089,-34.8553
2025-07-14T16:00,13.8,8.4,2.7,67.0,36,Olinda,PE,Nordeste,-8.0089,-34.8553
2025-07-14T17:00,14.6,8.8,2.8,66.0,36,Olinda,PE,Nordeste,-8.0089,-34.8553
2025-07-14T18:00,14.7,8.9,2.7,65.0,37,Olinda,PE,Nordeste,-8.0089,-34.8553
2025-07-14T19:00,14.7,9.0,2.4,65.0,38,Olinda,PE,Nordeste,-8.0089,-34.8553
2025-07-14T20:00,14.4,8.8,2.0,66.0,39,Olinda,PE,Nordeste,-8.0089,-34.8553
2025-07-14T21:00,13.4,8.1,1.6,66.0,40,Olinda,PE,Nordeste,-8.0089,-34.8553
2025-07-14T22:00,12.6,7.7,1.5,66.0,40,Olinda,PE,Nordeste,-8.0089,-34.8553
2025-07-14T23:00,11.5,7.0,1.3,67.0,41,Olinda,PE,Nordeste,-8.0089,-34.8553
2025-07-15T00:00,10.9,6.7,1.2,67.0,42,Olinda,PE,Nordeste,-8.0089,-34.8553
2025-07-15T01:00,11.1,6.8,1.2,67.0,42,Olinda,PE,Nordeste,-8.0089,-34.8553
2025-07-15T02:00,10.3,6.3,1.3,67.0,42,Olinda,PE,Nordeste,-8.0089,-34.8553
2025-07-15T03:00,9.8,6.0,1.4,66.0,42,Olinda,PE,Nordeste,-8.0089,-34.8553
2025-07-15T04:00,9.4,5.8,1.7,65.0,42,Olinda,PE,Nordeste,-8.0089,-34.8553
2025-07-15T05:00,9.2,5.7,2.0,63.0,42,Olinda,PE,Nordeste,-8.0089,-34.8553
2025-07-15T06:00,8.4,5.2,2.3,63.0,42,Olinda,PE,Nordeste,-8.0089,-34.8553
2025-07-15T07:00,8.1,5.1,2.4,65.0,42,Olinda,PE,Nordeste,-8.0089,-34.8553
2025-07-15T08:00,8.3,5.3,2.3,68.0,41,Olinda,PE,Nordeste,-8.0089,-34.8553
2025-07-15T09:00,7.0,4.6,1.9,71.0,41,Olinda,PE,Nordeste,-8.0089,-34.8553
2025-07-15T10:00,6.7,4.3,1.7,73.0,40,Olinda,PE,Nordeste,-8.0089,-34.8553
2025-07-15T11:00,6.6,4.3,1.4,75.0,39,Olinda,PE,Nordeste,-8.0089,-34.8553
2025-07-15T12:00,6.8,4.4,1.3,76.0,38,Olinda,PE,Nordeste,-8.0089,-34.8553
2025-07-15T13:00,6.8,4.4,1.4,75.0,38,Olinda,PE,Nordeste,-8.0089,-34.8553
2025-07-15T14:00,6.8,4.4,1.5,73.0,37,Olinda,PE,Nordeste,-8.0089,-34.8553
2025-07-15T15:00,6.8,4.4,1.8,70.0,36,Olinda,PE,Nordeste,-8.0089,-34.8553
2025-07-15T16:00,6.8,4.4,2.2,67.0,35,Olinda,PE,Nordeste,-8.0089,-34.8553
2025-07-15T17:00,6.9,4.4,2.7,63.0,34,Olinda,PE,Nordeste,-8.0089,-34.8553
2025-07-15T18:00,7.0,4.4,3.0,60.0,33,Olinda,PE,Nordeste,-8.0089,-34.8553
2025-07-15T19:00,7.2,4.5,2.8,60.0,32,Olinda,PE,Nordeste,-8.0089,-34.8553
2025-07-15T20:00,7.0,4.4,2.4,61.0,32,Olinda,PE,Nordeste,-8.0089,-34.8553
2025-07-15T21:00,7.2,4.5,2.4,60.0,31,Olinda,PE,Nordeste,-8.0089,-34.8553
2025-07-15T22:00,7.1,4.6,2.5,59.0,30,Olinda,PE,Nordeste,-8.0089,-34.8553
2025-07-15T23:00,7.1,4.7,2.6,59.0,29,Olinda,PE,Nordeste,-8.0089,-34.8553
2025-07-16T00:00,7.2,4.8,2.7,58.0,28,Olinda,PE,Nordeste,-8.0089,-34.8553
2025-07-16T01:00,7.4,5.0,2.8,57.0,28,Olinda,PE,Nordeste,-8.0089,-34.8553
2025-07-16T02:00,7.7,5.3,2.9,57.0,27,Olinda,PE,Nordeste,-8.0089,-34.8553
2025-07-16T03:00,7.8,5.4,3.1,56.0,27,Olinda,PE,Nordeste,-8.0089,-34.8553
2025-07-16T04:00,7.7,5.4,3.4,55.0,27,Olinda,PE,Nordeste,-8.0089,-34.8553
2025-07-16T05:00,8.2,5.8,3.9,54.0,27,Olinda,PE,Nordeste,-8.0089,-34.8553
2025-07-16T06:00,8.1,5.8,4.0,55.0,26,Olinda,PE,Nordeste,-8.0089,-34.8553
2025-07-16T07:00,8.3,6.0,3.7,58.0,27,Olinda,PE,Nordeste,-8.0089,-34.8553
2025-07-16T08:00,8.6,6.3,3.1,63.0,27,Olinda,PE,Nordeste,-8.0089,-34.8553
2025-07-16T09:00,8.4,6.4,2.7,67.0,27,Olinda,PE,Nordeste,-8.0089,-34.8553
2025-07-16T10:00,8.4,6.3,2.3,71.0,27,Olinda,PE,Nordeste,-8.0089,-34.8553
2025-07-16T11:00,7.9,5.8,1.7,76.0,28,Olinda,PE,Nordeste,-8.0089,-34.8553
2025-07-16T12:00,7.3,5.3,1.4,79.0,29,Olinda,PE,Nordeste,-8.0089,-34.8553
2025-07-16T13:00,6.6,4.7,1.4,79.0,30,Olinda,PE,Nordeste,-8.0089,-34.8553
2025-07-16T14:00,6.5,4.5,1.6,77.0,32,Olinda,PE,Nordeste,-8.0089,-34.8553
2025-07-16T15:00,6.3,4.3,1.9,74.0,33,Olinda,PE,Nordeste,-8.0089,-34.8553
2025-07-16T16:00,6.2,4.1,2.3,70.0,34,Olinda,PE,Nordeste,-8.0089,-34.8553
2025-07-16T17:00,5.9,3.8,2.9,65.0,34,Olinda,PE,Nordeste,-8.0089,-34.8553
2025-07-16T18:00,5.7,3.7,3.2,61.0,34,Olinda,PE,Nordeste,-8.0089,-34.8553
2025-07-16T19:00,5.7,3.7,3.1,60.0,34,Olinda,PE,Nordeste,-8.0089,-34.8553
2025-07-16T20:00,5.9,3.8,2.8,61.0,33,Olinda,PE,Nordeste,-8.0089,-34.8553
2025-07-16T21:00,6.2,4.0,2.5,62.0,32,Olinda,PE,Nordeste,-8.0089,-34.8553
2025-07-16T22:00,6.8,4.4,2.4,63.0,31,Olinda,PE,Nordeste,-8.0089,-34.8553
2025-07-16T23:00,6.8,4.4,2.3,64.0,30,Olinda,PE,Nordeste,-8.0089,-34.8553
2025-07-17T00:00,7.1,4.6,2.3,64.0,29,Olinda,PE,Nordeste,-8.0089,-34.8553
2025-07-17T01:00,7.6,5.0,2.5,63.0,29,Olinda,PE,Nordeste,-8.0089,-34.8553
2025-07-17T02:00,7.6,5.1,2.7,61.0,29,Olinda,PE,Nordeste,-8.0089,-34.8553
2025-07-17T03:00,7.4,5.1,3.0,60.0,29,Olinda,PE,Nordeste,-8.0089,-34.8553
2025-07-17T04:00,7.3,5.2,3.4,59.0,29,Olinda,PE,Nordeste,-8.0089,-34.8553
2025-07-17T05:00,7.0,5.0,3.9,57.0,29,Olinda,PE,Nordeste,-8.0089,-34.8553
2025-07-17T06:00,6.8,5.0,4.1,58.0,28,Olinda,PE,Nordeste,-8.0089,-34.8553
2025-07-17T07:00,6.9,5.3,3.8,62.0,28,Olinda,PE,Nordeste,-8.0089,-34.8553
2025-07-17T08:00,7.0,5.4,3.3,67.0,28,Olinda,PE,Nordeste,-8.0089,-34.8553
2025-07-17T09:00,8.7,6.8,3.4,70.0,28,Olinda,PE,Nordeste,-8.0089,-34.8553
2025-07-17T10:00,9.5,7.2,2.9,76.0,29,Olinda,PE,Nordeste,-8.0089,-34.8553
2025-07-17T11:00,9.5,7.0,2.2,83.0,30,Olinda,PE,Nordeste,-8.0089,-34.8553
2025-07-17T12:00,9.1,6.7,1.7,88.0,31,Olinda,PE,Nordeste,-8.0089,-34.8553
2025-07-17T13:00,8.9,6.3,1.7,88.0,33,Olinda,PE,Nordeste,-8.0089,-34.8553
2025-07-17T14:00,8.5,6.0,1.9,85.0,34,Olinda,PE,Nordeste,-8.0089,-34.8553
2025-07-17T15:00,8.3,5.7,2.2,81.0,36,Olinda,PE,Nordeste,-8.0089,-34.8553
2025-07-17T16:00,8.1,5.5,2.8,75.0,37,Olinda,PE,Nordeste,-8.0089,-34.8553
2025-07-17T17:00,7.9,5.3,3.5,69.0,37,Olinda,PE,Nordeste,-8.0089,-34.8553
2025-07-17T18:00,7.7,5.1,3.9,64.0,37,Olinda,PE,Nordeste,-8.0089,-34.8553
2025-07-17T19:00,7.6,5.0,3.7,63.0,37,Olinda,PE,Nordeste,-8.0089,-34.8553
2025-07-17T20:00,7.7,5.0,3.1,63.0,36,Olinda,PE,Nordeste,-8.0089,-34.8553
2025-07-17T21:00,7.5,4.9,3.2,64.0,34,Olinda,PE,Nordeste,-8.0089,-34.8553
2025-07-17T22:00,7.1,4.7,3.1,65.0,33,Olinda,PE,Nordeste,-8.0089,-34.8553
2025-07-17T23:00,7.0,4.6,2.9,66.0,32,Olinda,PE,Nordeste,-8.0089,-34.8553
2025-07-18T00:00,7.0,4.6,3.0,66.0,31,Olinda,PE,Nordeste,-8.0089,-34.8553
2025-07-18T01:00,7.0,4.8,3.4,65.0,30,Olinda,PE,Nordeste,-8.0089,-34.8553
2025-07-18T02:00,7.1,5.1,4.0,63.0,30,Olinda,PE,Nordeste,-8.0089,-34.8553
2025-07-18T03:00,7.2,5.4,4.6,61.0,30,Olinda,PE,Nordeste,-8.0089,-34.8553
2025-07-18T04:00,7.2,5.6,5.4,59.0,30,Olinda,PE,Nordeste,-8.0089,-34.8553
2025-07-18T05:00,7.2,5.7,6.3,56.0,31,Olinda,PE,Nordeste,-8.0089,-34.8553
2025-07-18T06:00,7.4,5.9,6.6,57.0,31,Olinda,PE,Nordeste,-8.0089,-34.8553
2025-07-18T07:00,7.8,6.3,6.1,62.0,31,Olinda,PE,Nordeste,-8.0089,-34.8553
2025-07-18T08:00,8.6,6.8,5.0,71.0,31,Olinda,PE,Nordeste,-8.0089,-34.8553
2025-07-18T09:00,9.7,6.9,3.6,80.0,31,Olinda,PE,Nordeste,-8.0089,-34.8553
2025-07-18T10:00,10.4,7.2,3.0,83.0,32,Olinda,PE,Nordeste,-8.0089,-34.8553
2025-07-18T11:00,10.3,7.1,2.2,87.0,32,Olinda,PE,Nordeste,-8.0089,-34.8553
2025-07-18T12:00,9.9,6.7,1.6,89.0,32,Olinda,PE,Nordeste,-8.0089,-34.8553
2025-07-18T13:00,9.4,6.3,1.5,87.0,34,Olinda,PE,Nordeste,-8.0089,-34.8553
2025-07-18T14:00,8.8,5.9,1.7,83.0,36,Olinda,PE,Nordeste,-8.0089,-34.8553
2025-07-18T15:00,8.2,5.4,2.0,79.0,37,Olinda,PE,Nordeste,-8.0089,-34.8553
2025-07-18T16:00,7.7,5.0,2.5,74.0,38,Olinda,PE,Nordeste,-8.0089,-34.8553
2025-07-18T17:00,7.1,4.7,3.2,68.0,38,Olinda,PE,Nordeste,-8.0089,-34.8553
2025-07-18T18:00,6.6,4.3,3.5,64.0,38,Olinda,PE,Nordeste,-8.0089,-34.8553
2025-07-18T19:00,6.2,4.0,3.3,63.0,37,Olinda,PE,Nordeste,-8.0089,-34.8553
2025-07-18T20:00,5.9,3.8,2.7,63.0,35,Olinda,PE,Nordeste,-8.0089,-34.8553
2025-07-18T21:00,5.1,3.2,2.2,63.0,34,Olinda,PE,Nordeste,-8.0089,-34.8553
2025-07-18T22:00,5.2,3.3,2.0,64.0,32,Olinda,PE,Nordeste,-8.0089,-34.8553
2025-07-18T23:00,5.4,3.4,1.7,65.0,31,Olinda,PE,Nordeste,-8.0089,-34.8553
2025-07-19T00:00,5.5,3.5,1.5,66.0,30,Olinda,PE,Nordeste,-8.0089,-34.8553
2025-07-19T01:00,6.2,3.9,1.5,66.0,30,Olinda,PE,Nordeste,-8.0089,-34.8553
2025-07-19T02:00,6.7,4.1,1.6,67.0,30,Olinda,PE,Nordeste,-8.0089,-34.8553
2025-07-19T03:00,6.9,4.3,1.8,67.0,30,Olinda,PE,Nordeste,-8.0089,-34.8553
2025-07-19T04:00,7.2,4.5,2.0,68.0,30,Olinda,PE,Nordeste,-8.0089,-34.8553
2025-07-19T05:00,7.1,4.5,2.2,68.0,30,Olinda,PE,Nordeste,-8.0089,-34.8553
2025-07-19T06:00,7.7,4.8,2.3,70.0,31,Olinda,PE,Nordeste,-8.0089,-34.8553
2025-07-19T07:00,7.9,5.1,2.4,73.0,31,Olinda,PE,Nordeste,-8.0089,-34.8553
2025-07-19T08:00,9.1,5.8,2.4,77.0,32,Olinda,PE,Nordeste,-8.0089,-34.8553
2025-07-19T09:00,10.3,6.7,2.3,78.0,32,Olinda,PE,Nordeste,-8.0089,-34.8553
2025-07-19T10:00,11.1,7.3,2.0,81.0,33,Olinda,PE,Nordeste,-8.0089,-34.8553
2025-07-19T11:00,12.1,8.0,1.6,84.0,34,Olinda,PE,Nordeste,-8.0089,-34.8553
2025-07-19T12:00,12.2,8.0,1.4,86.0,35,Olinda,PE,Nordeste,-8.0089,-34.8553
2025-07-19T13:00,12.3,8.1,1.6,84.0,36,Olinda,PE,Nordeste,-8.0089,-34.8553
2025-07-19T14:00,12.0,7.9,1.9,81.0,37,Olinda,PE,Nordeste,-8.0089,-34.8553
2025-07-19T15:00,12.9,8.4,2.3,77.0,37,Olinda,PE,Nordeste,-8.0089,-34.8553
2025-07-19T16:00,12.7,8.2,2.7,73.0,38,Olinda,PE,Nordeste,-8.0089,-34.8553
2025-07-19T17:00,12.7,8.2,3.2,68.0,37,Olinda,PE,Nordeste,-8.0089,-34.8553
2025-07-19T18:00,12.2,7.7,3.4,65.0,37,Olinda,PE,Nordeste,-8.0089,-34.8553
2025-07-19T19:00,12.3,7.7,3.1,64.0,36,Olinda,PE,Nordeste,-8.0089,-34.8553
2025-07-19T20:00,11.6,7.3,2.5,65.0,35,Olinda,PE,Nordeste,-8.0089,-34.8553
2025-07-19T21:00,10.0,6.2,2.3,65.0,33,Olinda,PE,Nordeste,-8.0089,-34.8553
2025-07-19T22:00,9.1,5.6,2.2,65.0,34,Olinda,PE,Nordeste,-8.0089,-34.8553
2025-07-19T23:00,8.5,5.2,2.0,66.0,35,Olinda,PE,Nordeste,-8.0089,-34.8553
2025-07-20T00:00,8.2,5.0,1.8,66.0,35,Olinda,PE,Nordeste,-8.0089,-34.8553
2025-07-20T01:00,8.1,5.0,1.7,66.0,35,Olinda,PE,Nordeste,-8.0089,-34.8553
2025-07-20T02:00,8.3,5.1,1.7,66.0,36,Olinda,PE,Nordeste,-8.0089,-34.8553
2025-07-20T03:00,8.4,5.2,1.7,66.0,36,Olinda,PE,Nordeste,-8.0089,-34.8553
2025-07-20T04:00,8.6,5.3,1.8,66.0,36,Olinda,PE,Nordeste,-8.0089,-34.8553
2025-07-20T05:00,8.9,5.5,1.9,66.0,36,Olinda,PE,Nordeste,-8.0089,-34.8553
2025-07-20T06:00,9.0,5.6,2.1,67.0,36,Olinda,PE,Nordeste,-8.0089,-34.8553
2025-07-20T07:00,8.9,5.6,2.3,69.0,37,Olinda,PE,Nordeste,-8.0089,-34.8553
2025-07-20T08:00,9.2,5.9,2.5,72.0,37,Olinda,PE,Nordeste,-8.0089,-34.8553
2025-07-20T09:00,9.5,6.0,1.8,73.0,37,Olinda,PE,Nordeste,-8.0089,-34.8553
2025-07-20T10:00,10.1,6.5,1.7,76.0,37,Olinda,PE,Nordeste,-8.0089,-34.8553
2025-07-20T11:00,10.4,6.8,1.6,80.0,36,Olinda,PE,Nordeste,-8.0089,-34.8553
2025-07-20T12:00,10.3,6.7,1.5,82.0,36,Olinda,PE,Nordeste,-8.0089,-34.8553
2025-07-20T13:00,10.1,6.6,1.5,81.0,36,Olinda,PE,Nordeste,-8.0089,-34.8553
2025-07-20T14:00,9.8,6.4,1.6,78.0,35,Olinda,PE,Nordeste,-8.0089,-34.8553
2025-07-20T15:00,9.4,6.0,1.8,74.0,35,Olinda,PE,Nordeste,-8.0089,-34.8553
2025-07-20T16:00,9.2,5.9,2.2,70.0,36,Olinda,PE,Nordeste,-8.0089,-34.8553
2025-07-20T17:00,9.3,5.9,2.8,66.0,36,Olinda,PE,Nordeste,-8.0089,-34.8553
2025-07-20T18:00,9.3,5.8,3.1,63.0,35,Olinda,PE,Nordeste,-8.0089,-34.8553
2025-07-20T19:00,9.3,5.8,3.0,62.0,34,Olinda,PE,Nordeste,-8.0089,-34.8553
2025-07-20T20:00,9.3,5.7,2.7,63.0,33,Olinda,PE,Nordeste,-8.0089,-34.8553
2025-07-20T21:00,8.4,5.2,2.4,63.0,32,Olinda,PE,Nordeste,-8.0089,-34.8553
2025-07-20T22:00,8.1,5.0,2.3,63.0,32,Olinda,PE,Nordeste,-8.0089,-34.8553
2025-07-20T23:00,8.1,5.0,2.2,63.0,32,Olinda,PE,Nordeste,-8.0089,-34.8553
2025-07-21T00:00,8.8,5.4,2.0,64.0,32,Olinda,PE,Nordeste,-8.0089,-34.8553
2025-07-21T01:00,8.7,5.4,1.8,65.0,32,Olinda,PE,Nordeste,-8.0089,-34.8553
2025-07-21T02:00,8.6,5.3,1.5,66.0,32,Olinda,PE,Nordeste,-8.0089,-34.8553
2025-07-21T03:00,9.2,5.6,1.4,67.0,32,Olinda,PE,Nordeste,-8.0089,-34.8553
2025-07-21T04:00,9.7,5.9,1.6,66.0,32,Olinda,PE,Nordeste,-8.0089,-34.8553
2025-07-21T05:00,10.0,6.1,2.0,65.0,32,Olinda,PE,Nordeste,-8.0089,-34.8553
2025-07-21T06:00,10.1,6.3,2.3,65.0,32,Olinda,PE,Nordeste,-8.0089,-34.8553
2025-07-21T07:00,10.1,6.5,2.4,67.0,33,Olinda,PE,Nordeste,-8.0089,-34.8553
2025-07-21T08:00,10.4,7.0,2.5,71.0,33,Olinda,PE,Nordeste,-8.0089,-34.8553
2025-07-21T09:00,10.9,7.3,2.5,74.0,33,Olinda,PE,Nordeste,-8.0089,-34.8553
2025-07-21T10:00,11.5,7.7,2.1,76.0,33,Olinda,PE,Nordeste,-8.0089,-34.8553
2025-07-21T11:00,11.6,7.7,1.6,78.0,34,Olinda,PE,Nordeste,-8.0089,-34.8553
2025-07-21T12:00,11.2,7.3,1.3,79.0,34,Olinda,PE,Nordeste,-8.0089,-34.8553
2025-07-21T13:00,10.9,7.0,1.3,78.0,34,Olinda,PE,Nordeste,-8.0089,-34.8553
2025-07-21T14:00,10.6,6.8,1.5,75.0,34,Olinda,PE,Nordeste,-8.0089,-34.8553
2025-07-21T15:00,9.9,6.4,1.8,72.0,35,Olinda,PE,Nordeste,-8.0089,-34.8553
2025-07-21T16:00,9.1,5.9,2.2,68.0,35,Olinda,PE,Nordeste,-8.0089,-34.8553
2025-07-21T17:00,8.2,5.3,2.8,64.0,35,Olinda,PE,Nordeste,-8.0089,-34.8553
2025-07-21T18:00,7.7,5.0,3.1,61.0,34,Olinda,PE,Nordeste,-8.0089,-34.8553
2025-07-21T19:00,7.5,4.9,3.0,60.0,34,Olinda,PE,Nordeste,-8.0089,-34.8553
2025-07-21T20:00,7.3,4.8,2.8,59.0,34,Olinda,PE,Nordeste,-8.0089,-34.8553
2025-07-21T21:00,8.0,5.1,2.0,60.0,34,Olinda,PE,Nordeste,-8.0089,-34.8553
2025-07-21T22:00,7.9,5.0,1.9,61.0,33,Olinda,PE,Nordeste,-8.0089,-34.8553
2025-07-21T23:00,7.8,4.9,1.7,62.0,33,Olinda,PE,Nordeste,-8.0089,-34.8553
2025-07-22T00:00,7.8,4.8,1.5,63.0,33,Olinda,PE,Nordeste,-8.0089,-34.8553
2025-07-22T01:00,7.1,4.4,1.4,65.0,33,Olinda,PE,Nordeste,-8.0089,-34.8553
2025-07-22T02:00,6.1,3.9,1.4,67.0,33,Olinda,PE,Nordeste,-8.0089,-34.8553
2025-07-22T03:00,5.6,3.6,1.4,69.0,33,Olinda,PE,Nordeste,-8.0089,-34.8553
2025-07-22T04:00,5.8,3.7,1.6,69.0,32,Olinda,PE,Nordeste,-8.0089,-34.8553
2025-07-22T05:00,6.4,4.0,1.8,69.0,32,Olinda,PE,Nordeste,-8.0089,-34.8553
2025-07-22T06:00,7.6,4.7,2.0,69.0,31,Olinda,PE,Nordeste,-8.0089,-34.8553
2025-07-22T07:00,8.0,5.0,2.2,70.0,31,Olinda,PE,Nordeste,-8.0089,-34.8553
2025-07-22T08:00,8.6,5.5,2.4,72.0,31,Olinda,PE,Nordeste,-8.0089,-34.8553
2025-07-22T09:00,8.9,5.7,1.9,75.0,32,Olinda,PE,Nordeste,-8.0089,-34.8553
2025-07-22T10:00,8.8,5.7,1.8,77.0,32,Olinda,PE,Nordeste,-8.0089,-34.8553
2025-07-22T11:00,8.7,5.7,1.6,80.0,33,Olinda,PE,Nordeste,-8.0089,-34.8553
2025-07-22T12:00,8.6,5.7,1.5,82.0,34,Olinda,PE,Nordeste,-8.0089,-34.8553
2025-07-22T13:00,8.7,5.8,1.6,83.0,34,Olinda,PE,Nordeste,-8.0089,-34.8553
2025-07-22T14:00,9.0,6.1,1.8,82.0,35,Olinda,PE,Nordeste,-8.0089,-34.8553
2025-07-22T15:00,8.8,6.0,2.2,80.0,36,Olinda,PE,Nordeste,-8.0089,-34.8553
2025-07-22T16:00,7.9,5.2,2.8,74.0,37,Olinda,PE,Nordeste,-8.0089,-34.8553
2025-07-22T17:00,7.5,5.0,3.6,67.0,37,Olinda,PE,Nordeste,-8.0089,-34.8553
2025-07-22T18:00,6.8,4.4,4.0,61.0,36,Olinda,PE,Nordeste,-8.0089,-34.8553
2025-07-22T19:00,6.3,4.1,3.9,60.0,35,Olinda,PE,Nordeste,-8.0089,-34.8553
2025-07-22T20:00,5.7,3.7,3.5,60.0,34,Olinda,PE,Nordeste,-8.0089,-34.8553
2025-07-22T21:00,5.7,3.6,2.8,61.0,33,Olinda,PE,Nordeste,-8.0089,-34.8553
2025-07-22T22:00,5.8,3.7,2.7,61.0,32,Olinda,PE,Nordeste,-8.0089,-34.8553
2025-07-22T23:00,5.8,3.7,2.6,61.0,30,Olinda,PE,Nordeste,-8.0089,-34.8553
2025-07-23T00:00,5.7,3.6,2.4,61.0,29,Olinda,PE,Nordeste,-8.0089,-34.8553
2025-07-23T01:00,5.3,3.3,2.2,61.0,29,Olinda,PE,Nordeste,-8.0089,-34.8553
2025-07-23T02:00,5.2,3.3,2.0,62.0,28,Olinda,PE,Nordeste,-8.0089,-34.8553
2025-07-23T03:00,5.4,3.4,1.9,62.0,28,Olinda,PE,Nordeste,-8.0089,-34.8553
2025-07-23T04:00,5.6,3.6,2.1,62.0,28,Olinda,PE,Nordeste,-8.0089,-34.8553
2025-07-23T05:00,5.3,3.4,2.4,61.0,28,Olinda,PE,Nordeste,-8.0089,-34.8553
2025-07-23T06:00,5.4,3.4,2.6,62.0,28,Olinda,PE,Nordeste,-8.0089,-34.8553
2025-07-23T07:00,5.8,3.7,2.7,65.0,29,Olinda,PE,Nordeste,-8.0089,-34.8553
2025-07-23T08:00,6.5,4.2,2.7,68.0,29,Olinda,PE,Nordeste,-8.0089,-34.8553
2025-07-23T09:00,9.1,5.8,2.4,72.0,29,Olinda,PE,Nordeste,-8.0089,-34.8553
2025-07-23T10:00,10.5,6.7,2.2,75.0,30,Olinda,PE,Nordeste,-8.0089,-34.8553
2025-07-23T11:00,11.4,7.4,2.0,79.0,31,Olinda,PE,Nordeste,-8.0089,-34.8553
2025-07-23T12:00,11.9,7.8,1.8,81.0,32,Olinda,PE,Nordeste,-8.0089,-34.8553
2025-07-23T13:00,11.8,7.7,1.8,81.0,33,Olinda,PE,Nordeste,-8.0089,-34.8553
2025-07-23T14:00,12.5,8.1,1.9,80.0,34,Olinda,PE,Nordeste,-8.0089,-34.8553
2025-07-23T15:00,13.2,8.6,2.1,77.0,35,Olinda,PE,Nordeste,-8.0089,-34.8553
2025-07-23T16:00,12.6,8.2,2.7,71.0,36,Olinda,PE,Nordeste,-8.0089,-34.8553
2025-07-23T17:00,12.2,7.8,3.4,63.0,36,Olinda,PE,Nordeste,-8.0089,-34.8553
2025-07-23T18:00,11.3,7.1,3.8,58.0,35,Olinda,PE,Nordeste,-8.0089,-34.8553
2025-07-23T19:00,10.9,6.8,3.5,57.0,34,Olinda,PE,Nordeste,-8.0089,-34.8553
2025-07-23T20:00,11.1,6.8,2.7,58.0,33,Olinda,PE,Nordeste,-8.0089,-34.8553
2025-07-23T21:00,12.4,7.5,1.9,59.0,32,Olinda,PE,Nordeste,-8.0089,-34.8553
2025-07-23T22:00,12.5,7.7,1.9,58.0,31,Olinda,PE,Nordeste,-8.0089,-34.8553
2025-07-23T23:00,12.0,7.4,1.9,58.0,32,Olinda,PE,Nordeste,-8.0089,-34.8553
2025-07-24T00:00,12.1,7.5,1.8,57.0,33,Olinda,PE,Nordeste,-8.0089,-34.8553
2025-07-24T01:00,12.1,7.4,1.6,57.0,34,Olinda,PE,Nordeste,-8.0089,-34.8553
2025-07-24T02:00,11.9,7.3,1.4,58.0,35,Olinda,PE,Nordeste,-8.0089,-34.8553
2025-07-24T03:00,10.5,6.5,1.3,58.0,36,Olinda,PE,Nordeste,-8.0089,-34.8553
2025-07-24T04:00,10.0,6.1,1.5,58.0,37,Olinda,PE,Nordeste,-8.0089,-34.8553
2025-07-24T05:00,10.0,6.1,1.8,58.0,37,Olinda,PE,Nordeste,-8.0089,-34.8553
2025-07-24T06:00,9.6,5.9,2.0,59.0,38,Olinda,PE,Nordeste,-8.0089,-34.8553
2025-07-24T07:00,9.9,6.1,2.2,61.0,38,Olinda,PE,Nordeste,-8.0089,-34.8553
2025-07-24T08:00,10.4,6.5,2.3,65.0,39,Olinda,PE,Nordeste,-8.0089,-34.8553
2025-07-24T09:00,11.4,7.1,1.6,66.0,40,Olinda,PE,Nordeste,-8.0089,-34.8553
2025-07-24T10:00,12.4,7.7,1.5,68.0,40,Olinda,PE,Nordeste,-8.0089,-34.8553
2025-07-24T11:00,13.1,8.2,1.3,71.0,40,Olinda,PE,Nordeste,-8.0089,-34.8553
2025-07-24T12:00,13.4,8.4,1.2,72.0,40,Olinda,PE,Nordeste,-8.0089,-34.8553
2025-07-24T13:00,13.2,8.2,1.2,71.0,40,Olinda,PE,Nordeste,-8.0089,-34.8553
2025-07-24T14:00,12.9,7.9,1.3,68.0,41,Olinda,PE,Nordeste,-8.0089,-34.8553
2025-07-24T15:00,12.8,7.9,1.4,66.0,40,Olinda,PE,Nordeste,-8.0089,-34.8553
2025-07-24T16:00,12.5,7.6,1.6,64.0,40,Olinda,PE,Nordeste,-8.0089,-34.8553
2025-07-24T17:00,12.0,7.3,1.9,62.0,40,Olinda,PE,Nordeste,-8.0089,-34.8553
2025-07-24T18:00,12.4,7.5,2.0,60.0,40,Olinda,PE,Nordeste,-8.0089,-34.8553
2025-07-24T19:00,12.1,7.3,1.8,59.0,40,Olinda,PE,Nordeste,-8.0089,-34.8553
2025-07-24T20:00,12.2,7.4,1.3,60.0,40,Olinda,PE,Nordeste,-8.0089,-34.8553
2025-07-24T21:00,12.0,7.2,1.2,60.0,40,Olinda,PE,Nordeste,-8.0089,-34.8553
2025-07-24T22:00,11.5,6.9,1.1,60.0,40,Olinda,PE,Nordeste,-8.0089,-34.8553
2025-07-24T23:00,11.4,6.8,0.9,60.0,40,Olinda,PE,Nordeste,-8.0089,-34.8553
2025-07-25T00:00,10.9,6.5,0.8,61.0,40,Olinda,PE,Nordeste,-8.0089,-34.8553
2025-07-25T01:00,10.4,6.3,0.8,62.0,40,Olinda,PE,Nordeste,-8.0089,-34.8553
2025-07-25T02:00,10.2,6.2,0.8,63.0,40,Olinda,PE,Nordeste,-8.0089,-34.8553
2025-07-25T03:00,10.2,6.2,0.9,64.0,39,Olinda,PE,Nordeste,-8.0089,-34.8553
2025-07-25T04:00,10.1,6.2,1.2,65.0,39,Olinda,PE,Nordeste,-8.0089,-34.8553
2025-07-25T05:00,10.2,6.2,1.6,65.0,39,Olinda,PE,Nordeste,-8.0089,-34.8553
2025-07-25T06:00,10.0,6.1,1.8,66.0,39,Olinda,PE,Nordeste,-8.0089,-34.8553
2025-07-25T07:00,10.0,6.1,1.8,68.0,39,Olinda,PE,Nordeste,-8.0089,-34.8553
2025-07-25T08:00,9.8,6.0,1.7,71.0,39,Olinda,PE,Nordeste,-8.0089,-34.8553
2025-07-25T09:00,9.3,5.8,1.7,73.0,39,Olinda,PE,Nordeste,-8.0089,-34.8553
2025-07-25T10:00,9.4,5.8,1.5,74.0,39,Olinda,PE,Nordeste,-8.0089,-34.8553
2025-07-25T11:00,9.7,6.0,1.3,75.0,38,Olinda,PE,Nordeste,-8.0089,-34.8553
2025-07-25T12:00,9.7,6.0,1.2,76.0,38,Olinda,PE,Nordeste,-8.0089,-34.8553
2025-07-25T13:00,9.5,6.0,1.3,76.0,37,Olinda,PE,Nordeste,-8.0089,-34.8553
2025-07-25T14:00,9.7,6.1,1.5,75.0,37,Olinda,PE,Nordeste,-8.0089,-34.8553
2025-07-25T15:00,10.0,6.3,1.8,73.0,36,Olinda,PE,Nordeste,-8.0089,-34.8553
2025-07-25T16:00,10.3,6.4,2.2,70.0,36,Olinda,PE,Nordeste,-8.0089,-34.8553
2025-07-25T17:00,10.3,6.4,2.6,66.0,36,Olinda,PE,Nordeste,-8.0089,-34.8553
2025-07-25T18:00,10.5,6.4,2.8,63.0,36,Olinda,PE,Nordeste,-8.0089,-34.8553
2025-07-25T19:00,10.7,6.5,2.6,63.0,35,Olinda,PE,Nordeste,-8.0089,-34.8553
2025-07-25T20:00,10.4,6.3,2.3,64.0,35,Olinda,PE,Nordeste,-8.0089,-34.8553
2025-07-25T21:00,10.1,6.1,2.2,64.0,35,Olinda,PE,Nordeste,-8.0089,-34.8553
2025-07-25T22:00,10.6,6.3,1.8,65.0,35,Olinda,PE,Nordeste,-8.0089,-34.8553
2025-07-25T23:00,10.5,6.3,1.3,66.0,34,Olinda,PE,Nordeste,-8.0089,-34.8553
2025-07-26T00:00,11.0,6.5,1.0,67.0,34,Olinda,PE,Nordeste,-8.0089,-34.8553
2025-07-26T01:00,11.4,6.8,0.9,67.0,34,Olinda,PE,Nordeste,-8.0089,-34.8553
2025-07-26T02:00,11.5,6.8,1.0,68.0,34,Olinda,PE,Nordeste,-8.0089,-34.8553
2025-07-26T03:00,11.1,6.7,1.1,68.0,35,Olinda,PE,Nordeste,-8.0089,-34.8553
2025-07-26T04:00,11.5,6.9,1.3,68.0,35,Olinda,PE,Nordeste,-8.0089,-34.8553
2025-07-26T05:00,11.8,7.1,1.5,69.0,35,Olinda,PE,Nordeste,-8.0089,-34.8553
2025-07-26T06:00,11.8,7.1,1.6,70.0,35,Olinda,PE,Nordeste,-8.0089,-34.8553
2025-07-26T07:00,11.9,7.2,1.6,72.0,35,Olinda,PE,Nordeste,-8.0089,-34.8553
2025-07-26T08:00,11.8,7.1,1.5,73.0,36,Olinda,PE,Nordeste,-8.0089,-34.8553
2025-07-26T09:00,10.9,6.7,1.5,75.0,36,Olinda,PE,Nordeste,-8.0089,-34.8553
2025-07-26T10:00,11.2,6.9,1.4,75.0,36,Olinda,PE,Nordeste,-8.0089,-34.8553
2025-07-26T11:00,10.2,6.4,1.3,76.0,36,Olinda,PE,Nordeste,-8.0089,-34.8553
2025-07-26T12:00,10.0,6.3,1.3,76.0,36,Olinda,PE,Nordeste,-8.0089,-34.8553
2025-07-26T13:00,10.2,6.4,1.4,75.0,36,Olinda,PE,Nordeste,-8.0089,-34.8553
2025-07-26T14:00,8.9,5.6,1.5,74.0,37,Olinda,PE,Nordeste,-8.0089,-34.8553
2025-07-26T15:00,8.4,5.3,1.7,72.0,36,Olinda,PE,Nordeste,-8.0089,-34.8553
2025-07-26T16:00,8.1,5.1,2.0,69.0,36,Olinda,PE,Nordeste,-8.0089,-34.8553
2025-07-26T17:00,8.8,5.5,2.4,66.0,36,Olinda,PE,Nordeste,-8.0089,-34.8553
2025-07-26T18:00,7.9,4.9,2.6,63.0,36,Olinda,PE,Nordeste,-8.0089,-34.8553
2025-07-26T19:00,7.9,4.8,2.4,62.0,35,Olinda,PE,Nordeste,-8.0089,-34.8553
2025-07-26T20:00,7.8,4.8,2.1,63.0,35,Olinda,PE,Nordeste,-8.0089,-34.8553
2025-07-26T21:00,9.7,5.9,1.7,63.0,35,Olinda,PE,Nordeste,-8.0089,-34.8553
2025-07-26T22:00,10.3,6.2,1.6,63.0,35,Olinda,PE,Nordeste,-8.0089,-34.8553
2025-07-26T23:00,10.5,6.3,1.3,64.0,35,Olinda,PE,Nordeste,-8.0089,-34.8553
2025-07-27T00:00,9.4,5.7,1.2,64.0,35,Olinda,PE,Nordeste,-8.0089,-34.8553
2025-07-27T01:00,8.9,5.4,1.1,65.0,34,Olinda,PE,Nordeste,-8.0089,-34.8553
2025-07-27T02:00,9.2,5.6,1.2,65.0,34,Olinda,PE,Nordeste,-8.0089,-34.8553
2025-07-27T03:00,9.1,5.5,1.2,66.0,34,Olinda,PE,Nordeste,-8.0089,-34.8553
2025-07-27T04:00,9.5,5.8,1.3,66.0,33,Olinda,PE,Nordeste,-8.0089,-34.8553
2025-07-27T05:00,9.9,6.0,1.5,66.0,33,Olinda,PE,Nordeste,-8.0089,-34.8553
2025-07-27T06:00,10.2,6.2,1.6,66.0,33,Olinda,PE,Nordeste,-8.0089,-34.8553
2025-07-27T07:00,10.5,6.4,1.7,67.0,33,Olinda,PE,Nordeste,-8.0089,-34.8553
2025-07-27T08:00,11.0,6.8,1.8,68.0,33,Olinda,PE,Nordeste,-8.0089,-34.8553
2025-07-27T09:00,11.4,7.0,1.7,72.0,33,Olinda,PE,Nordeste,-8.0089,-34.8553
2025-07-27T10:00,11.4,7.1,1.5,73.0,33,Olinda,PE,Nordeste,-8.0089,-34.8553
2025-07-27T11:00,11.5,7.2,1.3,74.0,33,Olinda,PE,Nordeste,-8.0089,-34.8553
2025-07-27T12:00,11.4,7.1,1.2,74.0,33,Olinda,PE,Nordeste,-8.0089,-34.8553
2025-07-27T13:00,11.0,6.9,1.4,72.0,33,Olinda,PE,Nordeste,-8.0089,-34.8553
2025-07-27T14:00,10.5,6.6,1.7,70.0,33,Olinda,PE,Nordeste,-8.0089,-34.8553
2025-07-27T15:00,9.9,6.1,2.1,67.0,33,Olinda,PE,Nordeste,-8.0089,-34.8553
2025-07-27T16:00,9.2,5.7,2.5,64.0,34,Olinda,PE,Nordeste,-8.0089,-34.8553
2025-07-27T17:00,9.1,5.6,2.9,61.0,34,Olinda,PE,Nordeste,-8.0089,-34.8553
2025-07-27T18:00,9.0,5.5,3.1,59.0,34,Olinda,PE,Nordeste,-8.0089,-34.8553
2025-07-27T19:00,8.8,5.4,2.8,59.0,34,Olinda,PE,Nordeste,-8.0089,-34.8553
2025-07-27T20:00,8.1,5.0,2.3,59.0,34,Olinda,PE,Nordeste,-8.0089,-34.8553
2025-07-27T21:00,9.1,5.5,1.9,61.0,34,Olinda,PE,Nordeste,-8.0089,-34.8553
2025-07-27T22:00,8.1,5.0,1.7,61.0,34,Olinda,PE,Nordeste,-8.0089,-34.8553
2025-07-27T23:00,7.3,4.5,1.5,61.0,34,Olinda,PE,Nordeste,-8.0089,-34.8553
2025-07-28T00:00,6.9,4.3,1.4,61.0,33,Olinda,PE,Nordeste,-8.0089,-34.8553
2025-07-28T01:00,7.0,4.3,1.4,61.0,33,Olinda,PE,Nordeste,-8.0089,-34.8553
2025-07-28T02:00,7.7,4.8,1.4,62.0,33,Olinda,PE,Nordeste,-8.0089,-34.8553
2025-07-28T03:00,8.9,5.5,1.5,62.0,32,Olinda,PE,Nordeste,-8.0089,-34.8553
2025-07-28T04:00,9.7,6.0,1.8,62.0,32,Olinda,PE,Nordeste,-8.0089,-34.8553
2025-07-28T05:00,8.8,5.5,2.2,62.0,33,Olinda,PE,Nordeste,-8.0089,-34.8553
2025-07-28T06:00,9.1,5.6,2.5,62.0,32,Olinda,PE,Nordeste,-8.0089,-34.8553
2025-07-28T07:00,9.2,5.7,2.8,63.0,32,Olinda,PE,Nordeste,-8.0089,-34.8553
2025-07-28T08:00,10.2,6.3,3.0,65.0,32,Olinda,PE,Nordeste,-8.0089,-34.8553
2025-07-28T09:00,11.3,7.1,3.4,66.0,32,Olinda,PE,Nordeste,-8.0089,-34.8553
2025-07-28T10:00,12.4,7.9,2.9,70.0,32,Olinda,PE,Nordeste,-8.0089,-34.8553
2025-07-28T11:00,13.0,8.3,2.2,76.0,32,Olinda,PE,Nordeste,-8.0089,-34.8553
2025-07-28T12:00,12.3,7.9,1.7,79.0,32,Olinda,PE,Nordeste,-8.0089,-34.8553
2025-07-28T13:00,12.3,7.9,1.7,79.0,33,Olinda,PE,Nordeste,-8.0089,-34.8553
2025-07-28T14:00,12.4,8.0,2.0,76.0,33,Olinda,PE,Nordeste,-8.0089,-34.8553
2025-07-28T15:00,12.3,7.9,2.3,73.0,33,Olinda,PE,Nordeste,-8.0089,-34.8553
2025-07-28T16:00,11.8,7.5,2.8,68.0,34,Olinda,PE,Nordeste,-8.0089,-34.8553
2025-07-28T17:00,10.9,6.8,3.3,61.0,34,Olinda,PE,Nordeste,-8.0089,-34.8553
2025-07-28T18:00,10.2,6.4,3.6,57.0,34,Olinda,PE,Nordeste,-8.0089,-34.8553
2025-07-28T19:00,10.3,6.4,3.5,56.0,35,Olinda,PE,Nordeste,-8.0089,-34.8553
2025-07-28T20:00,10.7,6.6,3.1,57.0,35,Olinda,PE,Nordeste,-8.0089,-34.8553
2025-07-28T21:00,11.9,7.2,2.7,59.0,35,Olinda,PE,Nordeste,-8.0089,-34.8553
2025-07-28T22:00,11.7,7.2,2.5,60.0,36,Olinda,PE,Nordeste,-8.0089,-34.8553
2025-07-28T23:00,11.4,7.0,2.1,61.0,36,Olinda,PE,Nordeste,-8.0089,-34.8553
2025-07-29T00:00,11.9,7.3,1.9,62.0,37,Olinda,PE,Nordeste,-8.0089,-34.8553
2025-07-29T01:00,12.8,7.8,1.8,62.0,37,Olinda,PE,Nordeste,-8.0089,-34.8553
2025-07-29T02:00,12.0,7.3,1.8,63.0,38,Olinda,PE,Nordeste,-8.0089,-34.8553
2025-07-29T03:00,11.8,7.2,1.9,63.0,39,Olinda,PE,Nordeste,-8.0089,-34.8553
2025-07-29T04:00,11.5,7.1,2.1,63.0,39,Olinda,PE,Nordeste,-8.0089,-34.8553
2025-07-29T05:00,11.7,7.2,2.3,63.0,39,Olinda,PE,Nordeste,-8.0089,-34.8553
2025-07-29T06:00,11.2,6.9,2.4,64.0,40,Olinda,PE,Nordeste,-8.0089,-34.8553
2025-07-29T07:00,11.8,7.3,2.2,66.0,40,Olinda,PE,Nordeste,-8.0089,-34.8553
2025-07-29T08:00,12.4,7.7,1.9,68.0,40,Olinda,PE,Nordeste,-8.0089,-34.8553
2025-07-29T09:00,13.6,8.5,1.9,73.0,41,Olinda,PE,Nordeste,-8.0089,-34.8553
2025-07-29T10:00,13.3,8.4,1.9,76.0,41,Olinda,PE,Nordeste,-8.0089,-34.8553
2025-07-29T11:00,13.1,8.4,1.8,81.0,41,Olinda,PE,Nordeste,-8.0089,-34.8553
2025-07-29T12:00,13.8,8.8,1.8,83.0,41,Olinda,PE,Nordeste,-8.0089,-34.8553
2025-07-29T13:00,13.7,8.7,1.9,82.0,41,Olinda,PE,Nordeste,-8.0089,-34.8553
2025-07-29T14:00,13.5,8.6,2.0,79.0,42,Olinda,PE,Nordeste,-8.0089,-34.8553
2025-07-29T15:00,13.3,8.5,2.2,75.0,42,Olinda,PE,Nordeste,-8.0089,-34.8553
2025-07-29T16:00,12.7,8.0,2.6,70.0,42,Olinda,PE,Nordeste,-8.0089,-34.8553
2025-07-29T17:00,12.2,7.6,3.1,63.0,42,Olinda,PE,Nordeste,-8.0089,-34.8553
2025-07-29T18:00,12.0,7.4,3.3,59.0,42,Olinda,PE,Nordeste,-8.0089,-34.8553
2025-07-29T19:00,12.0,7.4,3.0,58.0,42,Olinda,PE,Nordeste,-8.0089,-34.8553
2025-07-29T20:00,11.9,7.4,2.5,59.0,43,Olinda,PE,Nordeste,-8.0089,-34.8553
2025-07-29T21:00,11.7,7.2,2.0,60.0,43,Olinda,PE,Nordeste,-8.0089,-34.8553
2025-07-29T22:00,11.4,7.1,1.7,60.0,43,Olinda,PE,Nordeste,-8.0089,-34.8553
2025-07-29T23:00,11.4,7.0,1.5,61.0,43,Olinda,PE,Nordeste,-8.0089,-34.8553
2025-07-30T00:00,11.2,6.9,1.3,61.0,43,Olinda,PE,Nordeste,-8.0089,-34.8553
2025-07-30T01:00,11.4,7.0,1.1,61.0,43,Olinda,PE,Nordeste,-8.0089,-34.8553
2025-07-30T02:00,11.4,7.0,1.0,62.0,42,Olinda,PE,Nordeste,-8.0089,-34.8553
2025-07-30T03:00,11.3,7.0,0.9,62.0,42,Olinda,PE,Nordeste,-8.0089,-34.8553
2025-07-30T04:00,11.6,7.2,0.9,62.0,42,Olinda,PE,Nordeste,-8.0089,-34.8553
2025-07-30T05:00,11.5,7.1,1.1,63.0,42,Olinda,PE,Nordeste,-8.0089,-34.8553
2025-07-30T06:00,11.5,7.1,1.2,64.0,42,Olinda,PE,Nordeste,-8.0089,-34.8553
2025-07-30T07:00,11.8,7.3,1.3,65.0,42,Olinda,PE,Nordeste,-8.0089,-34.8553
2025-07-30T08:00,12.2,7.6,1.5,67.0,42,Olinda,PE,Nordeste,-8.0089,-34.8553
2025-07-30T09:00,12.1,7.5,1.8,70.0,42,Olinda,PE,Nordeste,-8.0089,-34.8553
2025-07-30T10:00,12.1,7.7,1.6,72.0,42,Olinda,PE,Nordeste,-8.0089,-34.8553
2025-07-30T11:00,12.0,7.7,1.4,74.0,42,Olinda,PE,Nordeste,-8.0089,-34.8553
2025-07-30T12:00,11.8,7.5,1.3,75.0,42,Olinda,PE,Nordeste,-8.0089,-34.8553
2025-07-30T13:00,11.6,7.5,1.4,74.0,42,Olinda,PE,Nordeste,-8.0089,-34.8553
2025-07-30T14:00,11.4,7.3,1.5,73.0,41,Olinda,PE,Nordeste,-8.0089,-34.8553
2025-07-30T15:00,11.1,7.2,1.8,70.0,41,Olinda,PE,Nordeste,-8.0089,-34.8553
2025-07-30T16:00,10.8,6.9,2.3,66.0,41,Olinda,PE,Nordeste,-8.0089,-34.8553
2025-07-30T17:00,10.8,6.9,3.0,61.0,40,Olinda,PE,Nordeste,-8.0089,-34.8553
2025-07-30T18:00,11.0,7.0,3.3,58.0,40,Olinda,PE,Nordeste,-8.0089,-34.8553
2025-07-30T19:00,10.9,6.9,3.0,58.0,40,Olinda,PE,Nordeste,-8.0089,-34.8553
2025-07-30T20:00,10.7,6.8,2.4,59.0,40,Olinda,PE,Nordeste,-8.0089,-34.8553
2025-07-30T21:00,11.1,7.0,1.9,60.0,40,Olinda,PE,Nordeste,-8.0089,-34.8553
2025-07-30T22:00,11.4,7.2,1.7,61.0,40,Olinda,PE,Nordeste,-8.0089,-34.8553
2025-07-30T23:00,11.7,7.3,1.4,61.0,40,Olinda,PE,Nordeste,-8.0089,-34.8553
2025-07-31T00:00,10.9,6.9,1.2,62.0,40,Olinda,PE,Nordeste,-8.0089,-34.8553
2025-07-31T01:00,10.3,6.4,1.1,62.0,40,Olinda,PE,Nordeste,-8.0089,-34.8553
2025-07-31T02:00,9.6,6.0,1.1,63.0,40,Olinda,PE,Nordeste,-8.0089,-34.8553
2025-07-31T03:00,9.3,5.8,1.1,63.0,40,Olinda,PE,Nordeste,-8.0089,-34.8553
2025-07-31T04:00,9.3,5.8,1.3,63.0,39,Olinda,PE,Nordeste,-8.0089,-34.8553
2025-07-31T05:00,9.6,6.0,1.5,62.0,39,Olinda,PE,Nordeste,-8.0089,-34.8553
2025-07-31T06:00,9.7,6.1,1.7,63.0,39,Olinda,PE,Nordeste,-8.0089,-34.8553
2025-07-31T07:00,9.9,6.2,1.8,65.0,38,Olinda,PE,Nordeste,-8.0089,-34.8553
2025-07-31T08:00,10.9,6.8,1.9,68.0,38,Olinda,PE,Nordeste,-8.0089,-34.8553
2025-07-31T09:00,11.0,7.0,1.7,76.0,38,Olinda,PE,Nordeste,-8.0089,-34.8553
2025-07-31T10:00,11.6,7.5,1.6,79.0,38,Olinda,PE,Nordeste,-8.0089,-34.8553
2025-07-31T11:00,12.3,8.0,1.5,83.0,38,Olinda,PE,Nordeste,-8.0089,-34.8553
2025-07-31T12:00,12.6,8.3,1.5,86.0,38,Olinda,PE,Nordeste,-8.0089,-34.8553
2025-07-31T13:00,12.8,8.4,1.6,86.0,38,Olinda,PE,Nordeste,-8.0089,-34.8553
2025-07-31T14:00,12.7,8.5,1.8,83.0,38,Olinda,PE,Nordeste,-8.0089,-34.8553
2025-07-31T15:00,12.3,8.0,2.0,80.0,39,Olinda,PE,Nordeste,-8.0089,-34.8553
2025-07-31T16:00,11.7,7.6,2.4,75.0,39,Olinda,PE,Nordeste,-8.0089,-34.8553
2025-07-31T17:00,11.2,7.2,3.0,68.0,39,Olinda,PE,Nordeste,-8.0089,-34.8553
2025-07-31T18:00,10.8,6.9,3.2,64.0,39,Olinda,PE,Nordeste,-8.0089,-34.8553
2025-07-31T19:00,10.6,6.7,2.9,64.0,39,Olinda,PE,Nordeste,-8.0089,-34.8553
2025-07-31T20:00,10.4,6.5,2.2,65.0,39,Olinda,PE,Nordeste,-8.0089,-34.8553
2025-07-31T21:00,10.2,6.4,1.7,66.0,39,Olinda,PE,Nordeste,-8.0089,-34.8553
2025-07-31T22:00,10.1,6.3,1.5,67.0,39,Olinda,PE,Nordeste,-8.0089,-34.8553
2025-07-31T23:00,10.1,6.3,1.3,69.0,39,Olinda,PE,Nordeste,-8.0089,-34.8553
2025-07-01T00:00,18.3,18.1,8.6,32.0,77,Ourinhos,SP,Sudeste,-22.9789,-49.8706
2025-07-01T01:00,17.8,17.6,8.5,28.0,76,Ourinhos,SP,Sudeste,-22.9789,-49.8706
2025-07-01T02:00,17.3,17.2,8.4,24.0,75,Ourinhos,SP,Sudeste,-22.9789,-49.8706
2025-07-01T03:00,17.2,17.1,8.9,20.0,73,Ourinhos,SP,Sudeste,-22.9789,-49.8706
2025-07-01T04:00,18.9,18.7,10.6,16.0,71,Ourinhos,SP,Sudeste,-22.9789,-49.8706
2025-07-01T05:00,21.6,21.4,13.0,12.0,69,Ourinhos,SP,Sudeste,-22.9789,-49.8706
2025-07-01T06:00,24.7,24.4,14.2,10.0,66,Ourinhos,SP,Sudeste,-22.9789,-49.8706
2025-07-01T07:00,27.3,27.0,13.6,11.0,65,Ourinhos,SP,Sudeste,-22.9789,-49.8706
2025-07-01T08:00,26.3,26.0,12.0,14.0,64,Ourinhos,SP,Sudeste,-22.9789,-49.8706
2025-07-01T09:00,11.1,11.0,7.6,28.0,64,Ourinhos,SP,Sudeste,-22.9789,-49.8706
2025-07-01T10:00,7.1,7.0,6.1,37.0,62,Ourinhos,SP,Sudeste,-22.9789,-49.8706
2025-07-01T11:00,5.0,5.0,4.0,49.0,61,Ourinhos,SP,Sudeste,-22.9789,-49.8706
2025-07-01T12:00,5.5,5.4,2.4,59.0,60,Ourinhos,SP,Sudeste,-22.9789,-49.8706
2025-07-01T13:00,5.5,5.4,1.8,64.0,60,Ourinhos,SP,Sudeste,-22.9789,-49.8706
2025-07-01T14:00,4.8,4.8,1.7,66.0,60,Ourinhos,SP,Sudeste,-22.9789,-49.8706
2025-07-01T15:00,4.9,4.9,2.0,66.0,60,Ourinhos,SP,Sudeste,-22.9789,-49.8706
2025-07-01T16:00,4.9,4.8,2.8,63.0,60,Ourinhos,SP,Sudeste,-22.9789,-49.8706
2025-07-01T17:00,4.9,4.9,3.9,59.0,60,Ourinhos,SP,Sudeste,-22.9789,-49.8706
2025-07-01T18:00,5.7,5.7,4.7,54.0,59,Ourinhos,SP,Sudeste,-22.9789,-49.8706
2025-07-01T19:00,5.8,5.8,4.9,50.0,59,Ourinhos,SP,Sudeste,-22.9789,-49.8706
2025-07-01T20:00,5.7,5.6,4.9,46.0,58,Ourinhos,SP,Sudeste,-22.9789,-49.8706
2025-07-01T21:00,7.4,7.2,4.1,40.0,58,Ourinhos,SP,Sudeste,-22.9789,-49.8706
2025-07-01T22:00,6.5,6.3,4.1,39.0,57,Ourinhos,SP,Sudeste,-22.9789,-49.8706
2025-07-01T23:00,5.4,5.3,4.1,37.0,56,Ourinhos,SP,Sudeste,-22.9789,-49.8706
2025-07-02T00:00,4.7,4.6,4.0,36.0,55,Ourinhos,SP,Sudeste,-22.9789,-49.8706
2025-07-02T01:00,4.4,4.2,3.9,36.0,54,Ourinhos,SP,Sudeste,-22.9789,-49.8706
2025-07-02T02:00,4.1,4.0,3.8,36.0,53,Ourinhos,SP,Sudeste,-22.9789,-49.8706
2025-07-02T03:00,4.1,4.0,3.6,36.0,52,Ourinhos,SP,Sudeste,-22.9789,-49.8706
2025-07-02T04:00,4.1,4.0,3.4,37.0,51,Ourinhos,SP,Sudeste,-22.9789,-49.8706
2025-07-02T05:00,4.0,3.9,3.2,38.0,48,Ourinhos,SP,Sudeste,-22.9789,-49.8706
2025-07-02T06:00,3.8,3.7,2.9,40.0,44,Ourinhos,SP,Sudeste,-22.9789,-49.8706
2025-07-02T07:00,3.8,3.7,2.6,42.0,39,Ourinhos,SP,Sudeste,-22.9789,-49.8706
2025-07-02T08:00,3.8,3.7,2.3,44.0,34,Ourinhos,SP,Sudeste,-22.9789,-49.8706
2025-07-02T09:00,2.8,2.7,2.2,47.0,29,Ourinhos,SP,Sudeste,-22.9789,-49.8706
2025-07-02T10:00,3.1,3.0,1.9,52.0,27,Ourinhos,SP,Sudeste,-22.9789,-49.8706
2025-07-02T11:00,3.4,3.3,1.4,58.0,26,Ourinhos,SP,Sudeste,-22.9789,-49.8706
2025-07-02T12:00,3.6,3.5,1.1,64.0,26,Ourinhos,SP,Sudeste,-22.9789,-49.8706
2025-07-02T13:00,3.9,3.7,0.9,69.0,25,Ourinhos,SP,Sudeste,-22.9789,-49.8706
2025-07-02T14:00,4.2,4.0,0.8,74.0,25,Ourinhos,SP,Sudeste,-22.9789,-49.8706
2025-07-02T15:00,4.6,4.4,1.0,76.0,26,Ourinhos,SP,Sudeste,-22.9789,-49.8706
2025-07-02T16:00,5.1,4.9,1.9,74.0,28,Ourinhos,SP,Sudeste,-22.9789,-49.8706
2025-07-02T17:00,5.5,5.3,3.1,68.0,30,Ourinhos,SP,Sudeste,-22.9789,-49.8706
2025-07-02T18:00,6.7,6.5,3.9,63.0,31,Ourinhos,SP,Sudeste,-22.9789,-49.8706
2025-07-02T19:00,6.9,6.8,4.0,58.0,32,Ourinhos,SP,Sudeste,-22.9789,-49.8706
2025-07-02T20:00,6.5,6.3,3.8,54.0,32,Ourinhos,SP,Sudeste,-22.9789,-49.8706
2025-07-02T21:00,5.1,5.0,3.5,48.0,31,Ourinhos,SP,Sudeste,-22.9789,-49.8706
2025-07-02T22:00,4.9,4.8,3.5,48.0,30,Ourinhos,SP,Sudeste,-22.9789,-49.8706
2025-07-02T23:00,4.6,4.5,3.4,48.0,28,Ourinhos,SP,Sudeste,-22.9789,-49.8706
2025-07-03T00:00,4.4,4.3,3.3,48.0,27,Ourinhos,SP,Sudeste,-22.9789,-49.8706
2025-07-03T01:00,4.3,4.2,3.2,47.0,25,Ourinhos,SP,Sudeste,-22.9789,-49.8706
2025-07-03T02:00,4.4,4.3,3.1,47.0,24,Ourinhos,SP,Sudeste,-22.9789,-49.8706
2025-07-03T03:00,4.4,4.3,3.0,46.0,24,Ourinhos,SP,Sudeste,-22.9789,-49.8706
2025-07-03T04:00,4.4,4.2,3.0,46.0,24,Ourinhos,SP,Sudeste,-22.9789,-49.8706
2025-07-03T05:00,4.3,4.2,2.9,46.0,24,Ourinhos,SP,Sudeste,-22.9789,-49.8706
2025-07-03T06:00,4.2,4.1,2.8,47.0,24,Ourinhos,SP,Sudeste,-22.9789,-49.8706
2025-07-03T07:00,4.2,4.0,2.5,49.0,24,Ourinhos,SP,Sudeste,-22.9789,-49.8706
2025-07-03T08:00,4.0,3.8,2.1,52.0,25,Ourinhos,SP,Sudeste,-22.9789,-49.8706
2025-07-03T09:00,3.6,3.4,2.2,54.0,25,Ourinhos,SP,Sudeste,-22.9789,-49.8706
2025-07-03T10:00,3.9,3.6,1.8,57.0,25,Ourinhos,SP,Sudeste,-22.9789,-49.8706
2025-07-03T11:00,3.7,3.5,1.4,62.0,25,Ourinhos,SP,Sudeste,-22.9789,-49.8706
2025-07-03T12:00,3.6,3.4,1.0,66.0,25,Ourinhos,SP,Sudeste,-22.9789,-49.8706
2025-07-03T13:00,3.5,3.3,0.8,70.0,25,Ourinhos,SP,Sudeste,-22.9789,-49.8706
2025-07-03T14:00,3.5,3.3,0.7,74.0,26,Ourinhos,SP,Sudeste,-22.9789,-49.8706
2025-07-03T15:00,3.6,3.4,0.9,75.0,28,Ourinhos,SP,Sudeste,-22.9789,-49.8706
2025-07-03T16:00,3.8,3.6,1.7,73.0,30,Ourinhos,SP,Sudeste,-22.9789,-49.8706
2025-07-03T17:00,4.1,3.9,2.7,68.0,31,Ourinhos,SP,Sudeste,-22.9789,-49.8706
2025-07-03T18:00,5.0,4.9,3.5,63.0,32,Ourinhos,SP,Sudeste,-22.9789,-49.8706
2025-07-03T19:00,5.2,5.1,3.7,59.0,32,Ourinhos,SP,Sudeste,-22.9789,-49.8706
2025-07-03T20:00,4.7,4.6,3.5,55.0,32,Ourinhos,SP,Sudeste,-22.9789,-49.8706
2025-07-03T21:00,7.6,6.8,3.3,52.0,31,Ourinhos,SP,Sudeste,-22.9789,-49.8706
2025-07-03T22:00,6.0,5.5,3.3,51.0,30,Ourinhos,SP,Sudeste,-22.9789,-49.8706
2025-07-03T23:00,5.4,4.9,3.4,49.0,29,Ourinhos,SP,Sudeste,-22.9789,-49.8706
2025-07-04T00:00,5.0,4.5,3.3,48.0,27,Ourinhos,SP,Sudeste,-22.9789,-49.8706
2025-07-04T01:00,4.7,4.3,3.1,48.0,26,Ourinhos,SP,Sudeste,-22.9789,-49.8706
2025-07-04T02:00,4.5,4.1,2.8,49.0,25,Ourinhos,SP,Sudeste,-22.9789,-49.8706
2025-07-04T03:00,4.4,4.0,2.6,50.0,24,Ourinhos,SP,Sudeste,-22.9789,-49.8706
2025-07-04T04:00,4.2,3.9,2.5,50.0,23,Ourinhos,SP,Sudeste,-22.9789,-49.8706
2025-07-04T05:00,4.1,3.8,2.5,50.0,23,Ourinhos,SP,Sudeste,-22.9789,-49.8706
2025-07-04T06:00,4.0,3.6,2.4,51.0,23,Ourinhos,SP,Sudeste,-22.9789,-49.8706
2025-07-04T07:00,3.8,3.5,2.2,52.0,23,Ourinhos,SP,Sudeste,-22.9789,-49.8706
2025-07-04T08:00,3.4,3.1,1.9,54.0,23,Ourinhos,SP,Sudeste,-22.9789,-49.8706
2025-07-04T09:00,1.8,1.7,1.6,57.0,23,Ourinhos,SP,Sudeste,-22.9789,-49.8706
2025-07-04T10:00,1.9,1.6,1.4,61.0,24,Ourinhos,SP,Sudeste,-22.9789,-49.8706
2025-07-04T11:00,1.7,1.6,1.0,67.0,25,Ourinhos,SP,Sudeste,-22.9789,-49.8706
2025-07-04T12:00,1.9,1.8,0.8,73.0,26,Ourinhos,SP,Sudeste,-22.9789,-49.8706
2025-07-04T13:00,2.2,2.2,0.6,79.0,27,Ourinhos,SP,Sudeste,-22.9789,-49.8706
2025-07-04T14:00,2.5,2.4,0.6,84.0,29,Ourinhos,SP,Sudeste,-22.9789,-49.8706
2025-07-04T15:00,2.7,2.6,0.9,86.0,31,Ourinhos,SP,Sudeste,-22.9789,-49.8706
2025-07-04T16:00,2.9,2.9,2.0,81.0,33,Ourinhos,SP,Sudeste,-22.9789,-49.8706
2025-07-04T17:00,3.6,3.6,3.6,73.0,34,Ourinhos,SP,Sudeste,-22.9789,-49.8706
2025-07-04T18:00,5.1,5.0,4.7,65.0,35,Ourinhos,SP,Sudeste,-22.9789,-49.8706
2025-07-04T19:00,5.4,5.3,5.0,59.0,35,Ourinhos,SP,Sudeste,-22.9789,-49.8706
2025-07-04T20:00,5.2,5.1,4.9,54.0,35,Ourinhos,SP,Sudeste,-22.9789,-49.8706
2025-07-04T21:00,5.0,4.2,4.3,49.0,34,Ourinhos,SP,Sudeste,-22.9789,-49.8706
2025-07-04T22:00,4.7,4.2,4.2,47.0,32,Ourinhos,SP,Sudeste,-22.9789,-49.8706
2025-07-04T23:00,4.8,4.3,4.1,43.0,30,Ourinhos,SP,Sudeste,-22.9789,-49.8706
2025-07-05T00:00,4.8,4.4,4.0,41.0,27,Ourinhos,SP,Sudeste,-22.9789,-49.8706
2025-07-05T01:00,4.8,4.5,3.8,40.0,25,Ourinhos,SP,Sudeste,-22.9789,-49.8706
2025-07-05T02:00,4.8,4.5,3.7,41.0,23,Ourinhos,SP,Sudeste,-22.9789,-49.8706
2025-07-05T03:00,5.0,4.7,3.6,41.0,22,Ourinhos,SP,Sudeste,-22.9789,-49.8706
2025-07-05T04:00,5.6,5.2,3.7,40.0,21,Ourinhos,SP,Sudeste,-22.9789,-49.8706
2025-07-05T05:00,6.0,5.6,3.9,40.0,20,Ourinhos,SP,Sudeste,-22.9789,-49.8706
2025-07-05T06:00,6.4,6.0,3.9,40.0,20,Ourinhos,SP,Sudeste,-22.9789,-49.8706
2025-07-05T07:00,6.5,5.9,3.6,42.0,21,Ourinhos,SP,Sudeste,-22.9789,-49.8706
2025-07-05T08:00,6.1,5.8,3.0,45.0,21,Ourinhos,SP,Sudeste,-22.9789,-49.8706
2025-07-05T09:00,4.0,3.9,2.6,48.0,22,Ourinhos,SP,Sudeste,-22.9789,-49.8706
2025-07-05T10:00,4.2,4.1,2.2,55.0,23,Ourinhos,SP,Sudeste,-22.9789,-49.8706
2025-07-05T11:00,4.5,4.4,1.7,64.0,23,Ourinhos,SP,Sudeste,-22.9789,-49.8706
2025-07-05T12:00,4.6,4.5,1.3,74.0,24,Ourinhos,SP,Sudeste,-22.9789,-49.8706
2025-07-05T13:00,4.5,4.4,0.8,85.0,24,Ourinhos,SP,Sudeste,-22.9789,-49.8706
2025-07-05T14:00,4.0,4.0,0.3,96.0,26,Ourinhos,SP,Sudeste,-22.9789,-49.8706
2025-07-05T15:00,3.5,3.4,1.1,101.0,30,Ourinhos,SP,Sudeste,-22.9789,-49.8706
2025-07-05T16:00,3.4,3.4,3.7,98.0,33,Ourinhos,SP,Sudeste,-22.9789,-49.8706
2025-07-05T17:00,4.6,4.5,7.5,89.0,36,Ourinhos,SP,Sudeste,-22.9789,-49.8706
2025-07-05T18:00,11.7,11.5,11.5,79.0,38,Ourinhos,SP,Sudeste,-22.9789,-49.8706
2025-07-05T19:00,19.8,19.0,15.9,68.0,40,Ourinhos,SP,Sudeste,-22.9789,-49.8706
2025-07-05T20:00,24.9,23.9,20.4,57.0,40,Ourinhos,SP,Sudeste,-22.9789,-49.8706
2025-07-05T21:00,25.4,24.4,21.3,48.0,39,Ourinhos,SP,Sudeste,-22.9789,-49.8706
2025-07-05T22:00,27.8,26.7,21.9,45.0,39,Ourinhos,SP,Sudeste,-22.9789,-49.8706
2025-07-05T23:00,28.8,27.8,22.7,41.0,45,Ourinhos,SP,Sudeste,-22.9789,-49.8706
2025-07-06T00:00,31.3,30.3,23.6,37.0,50,Ourinhos,SP,Sudeste,-22.9789,-49.8706
2025-07-06T01:00,34.2,33.2,24.7,34.0,52,Ourinhos,SP,Sudeste,-22.9789,-49.8706
2025-07-06T02:00,37.1,36.1,25.9,31.0,54,Ourinhos,SP,Sudeste,-22.9789,-49.8706
2025-07-06T03:00,39.6,38.5,26.6,28.0,57,Ourinhos,SP,Sudeste,-22.9789,-49.8706
2025-07-06T04:00,41.6,40.5,27.0,24.0,59,Ourinhos,SP,Sudeste,-22.9789,-49.8706
2025-07-06T05:00,42.7,41.7,26.9,20.0,62,Ourinhos,SP,Sudeste,-22.9789,-49.8706
2025-07-06T06:00,41.0,39.9,25.5,20.0,65,Ourinhos,SP,Sudeste,-22.9789,-49.8706
2025-07-06T07:00,37.3,36.0,22.0,24.0,68,Ourinhos,SP,Sudeste,-22.9789,-49.8706
2025-07-06T08:00,33.5,32.7,17.1,30.0,70,Ourinhos,SP,Sudeste,-22.9789,-49.8706
2025-07-06T09:00,21.4,21.1,11.6,42.0,72,Ourinhos,SP,Sudeste,-22.9789,-49.8706
2025-07-06T10:00,12.4,12.2,8.5,58.0,74,Ourinhos,SP,Sudeste,-22.9789,-49.8706
2025-07-06T11:00,5.7,5.6,4.3,80.0,74,Ourinhos,SP,Sudeste,-22.9789,-49.8706
2025-07-06T12:00,3.6,3.5,1.2,97.0,74,Ourinhos,SP,Sudeste,-22.9789,-49.8706
2025-07-06T13:00,3.0,3.0,0.0,105.0,74,Ourinhos,SP,Sudeste,-22.9789,-49.8706
2025-07-06T14:00,3.0,3.0,0.0,107.0,74,Ourinhos,SP,Sudeste,-22.9789,-49.8706
2025-07-06T15:00,3.1,3.1,1.0,106.0,74,Ourinhos,SP,Sudeste,-22.9789,-49.8706
2025-07-06T16:00,3.4,3.3,3.7,100.0,74,Ourinhos,SP,Sudeste,-22.9789,-49.8706
2025-07-06T17:00,5.4,5.3,7.5,90.0,74,Ourinhos,SP,Sudeste,-22.9789,-49.8706
2025-07-06T18:00,11.7,11.3,10.8,80.0,74,Ourinhos,SP,Sudeste,-22.9789,-49.8706
2025-07-06T19:00,17.6,16.9,13.2,71.0,74,Ourinhos,SP,Sudeste,-22.9789,-49.8706
2025-07-06T20:00,19.6,18.9,15.1,62.0,74,Ourinhos,SP,Sudeste,-22.9789,-49.8706
2025-07-06T21:00,10.9,10.5,10.9,55.0,74,Ourinhos,SP,Sudeste,-22.9789,-49.8706
2025-07-06T22:00,9.1,8.7,9.4,52.0,72,Ourinhos,SP,Sudeste,-22.9789,-49.8706
2025-07-06T23:00,7.5,7.3,7.2,49.0,71,Ourinhos,SP,Sudeste,-22.9789,-49.8706
2025-07-07T00:00,6.5,6.4,5.5,46.0,69,Ourinhos,SP,Sudeste,-22.9789,-49.8706
2025-07-07T01:00,6.2,6.1,4.6,45.0,68,Ourinhos,SP,Sudeste,-22.9789,-49.8706
2025-07-07T02:00,6.0,5.9,4.2,45.0,65,Ourinhos,SP,Sudeste,-22.9789,-49.8706
2025-07-07T03:00,6.2,6.0,3.9,45.0,63,Ourinhos,SP,Sudeste,-22.9789,-49.8706
2025-07-07T04:00,6.6,6.4,3.8,45.0,60,Ourinhos,SP,Sudeste,-22.9789,-49.8706
2025-07-07T05:00,7.1,6.9,3.8,46.0,58,Ourinhos,SP,Sudeste,-22.9789,-49.8706
2025-07-07T06:00,7.5,7.3,3.7,48.0,55,Ourinhos,SP,Sudeste,-22.9789,-49.8706
2025-07-07T07:00,8.1,7.8,3.3,51.0,52,Ourinhos,SP,Sudeste,-22.9789,-49.8706
2025-07-07T08:00,8.3,8.1,2.8,54.0,50,Ourinhos,SP,Sudeste,-22.9789,-49.8706
2025-07-07T09:00,4.4,4.3,2.2,60.0,45,Ourinhos,SP,Sudeste,-22.9789,-49.8706
2025-07-07T10:00,4.5,4.4,1.9,67.0,41,Ourinhos,SP,Sudeste,-22.9789,-49.8706
2025-07-07T11:00,4.9,4.7,1.5,76.0,39,Ourinhos,SP,Sudeste,-22.9789,-49.8706
2025-07-07T12:00,5.5,5.3,1.2,85.0,39,Ourinhos,SP,Sudeste,-22.9789,-49.8706
2025-07-07T13:00,5.8,5.6,0.9,94.0,40,Ourinhos,SP,Sudeste,-22.9789,-49.8706
2025-07-07T14:00,5.5,5.4,0.6,103.0,40,Ourinhos,SP,Sudeste,-22.9789,-49.8706
2025-07-07T15:00,5.3,5.1,1.1,107.0,41,Ourinhos,SP,Sudeste,-22.9789,-49.8706
2025-07-07T16:00,5.3,5.2,2.9,102.0,41,Ourinhos,SP,Sudeste,-22.9789,-49.8706
2025-07-07T17:00,6.2,6.1,5.5,91.0,42,Ourinhos,SP,Sudeste,-22.9789,-49.8706
2025-07-07T18:00,9.9,9.8,7.7,81.0,42,Ourinhos,SP,Sudeste,-22.9789,-49.8706
2025-07-07T19:00,12.2,12.1,9.1,72.0,43,Ourinhos,SP,Sudeste,-22.9789,-49.8706
2025-07-07T20:00,12.9,12.8,10.2,63.0,43,Ourinhos,SP,Sudeste,-22.9789,-49.8706
2025-07-07T21:00,15.5,14.8,13.1,54.0,41,Ourinhos,SP,Sudeste,-22.9789,-49.8706
2025-07-07T22:00,20.2,19.6,15.5,49.0,40,Ourinhos,SP,Sudeste,-22.9789,-49.8706
2025-07-07T23:00,24.3,23.6,18.8,43.0,42,Ourinhos,SP,Sudeste,-22.9789,-49.8706
2025-07-08T00:00,27.6,26.8,21.2,37.0,46,Ourinhos,SP,Sudeste,-22.9789,-49.8706
2025-07-08T01:00,28.7,27.9,21.8,34.0,50,Ourinhos,SP,Sudeste,-22.9789,-49.8706
2025-07-08T02:00,29.8,29.0,21.4,32.0,52,Ourinhos,SP,Sudeste,-22.9789,-49.8706
2025-07-08T03:00,31.5,30.6,21.3,29.0,54,Ourinhos,SP,Sudeste,-22.9789,-49.8706
2025-07-08T04:00,33.8,32.7,22.2,24.0,56,Ourinhos,SP,Sudeste,-22.9789,-49.8706
2025-07-08T05:00,35.7,34.6,23.4,19.0,58,Ourinhos,SP,Sudeste,-22.9789,-49.8706
2025-07-08T06:00,38.5,36.9,23.1,17.0,60,Ourinhos,SP,Sudeste,-22.9789,-49.8706
2025-07-08T07:00,38.3,36.6,20.4,17.0,62,Ourinhos,SP,Sudeste,-22.9789,-49.8706
2025-07-08T08:00,34.7,33.6,16.3,20.0,65,Ourinhos,SP,Sudeste,-22.9789,-49.8706
2025-07-08T09:00,34.9,33.9,11.9,29.0,67,Ourinhos,SP,Sudeste,-22.9789,-49.8706
2025-07-08T10:00,25.6,24.5,8.8,49.0,69,Ourinhos,SP,Sudeste,-22.9789,-49.8706
2025-07-08T11:00,14.6,13.3,4.5,77.0,71,Ourinhos,SP,Sudeste,-22.9789,-49.8706
2025-07-08T12:00,10.2,9.5,1.4,98.0,71,Ourinhos,SP,Sudeste,-22.9789,-49.8706
2025-07-08T13:00,8.6,8.2,0.1,106.0,72,Ourinhos,SP,Sudeste,-22.9789,-49.8706
2025-07-08T14:00,7.7,7.4,0.0,106.0,72,Ourinhos,SP,Sudeste,-22.9789,-49.8706
2025-07-08T15:00,7.2,7.0,1.0,103.0,72,Ourinhos,SP,Sudeste,-22.9789,-49.8706
2025-07-08T16:00,7.1,6.9,3.5,97.0,72,Ourinhos,SP,Sudeste,-22.9789,-49.8706
2025-07-08T17:00,8.7,8.6,7.1,88.0,72,Ourinhos,SP,Sudeste,-22.9789,-49.8706
2025-07-08T18:00,15.0,14.5,10.8,78.0,72,Ourinhos,SP,Sudeste,-22.9789,-49.8706
2025-07-08T19:00,21.4,20.4,14.6,69.0,73,Ourinhos,SP,Sudeste,-22.9789,-49.8706
2025-07-08T20:00,24.9,23.7,18.4,60.0,73,Ourinhos,SP,Sudeste,-22.9789,-49.8706
2025-07-08T21:00,22.1,21.4,20.1,48.0,74,Ourinhos,SP,Sudeste,-22.9789,-49.8706
2025-07-08T22:00,25.9,25.2,21.5,44.0,75,Ourinhos,SP,Sudeste,-22.9789,-49.8706
2025-07-08T23:00,28.6,27.9,23.3,38.0,75,Ourinhos,SP,Sudeste,-22.9789,-49.8706
2025-07-09T00:00,28.0,27.3,23.1,35.0,76,Ourinhos,SP,Sudeste,-22.9789,-49.8706
2025-07-09T01:00,22.8,22.1,19.3,36.0,76,Ourinhos,SP,Sudeste,-22.9789,-49.8706
2025-07-09T02:00,16.8,16.2,13.6,39.0,75,Ourinhos,SP,Sudeste,-22.9789,-49.8706
2025-07-09T03:00,12.1,11.6,9.0,43.0,74,Ourinhos,SP,Sudeste,-22.9789,-49.8706
2025-07-09T04:00,9.2,8.9,6.6,46.0,73,Ourinhos,SP,Sudeste,-22.9789,-49.8706
2025-07-09T05:00,7.6,7.5,5.3,50.0,71,Ourinhos,SP,Sudeste,-22.9789,-49.8706
2025-07-09T06:00,7.1,7.1,4.3,55.0,69,Ourinhos,SP,Sudeste,-22.9789,-49.8706
2025-07-09T07:00,7.2,7.2,3.6,60.0,66,Ourinhos,SP,Sudeste,-22.9789,-49.8706
2025-07-09T08:00,6.9,6.9,3.3,67.0,64,Ourinhos,SP,Sudeste,-22.9789,-49.8706
2025-07-09T09:00,7.2,7.1,2.7,76.0,62,Ourinhos,SP,Sudeste,-22.9789,-49.8706
2025-07-09T10:00,6.8,6.7,2.2,81.0,60,Ourinhos,SP,Sudeste,-22.9789,-49.8706
2025-07-09T11:00,6.6,6.4,1.4,88.0,58,Ourinhos,SP,Sudeste,-22.9789,-49.8706
2025-07-09T12:00,6.1,6.0,0.9,94.0,58,Ourinhos,SP,Sudeste,-22.9789,-49.8706
2025-07-09T13:00,5.7,5.6,0.5,100.0,58,Ourinhos,SP,Sudeste,-22.9789,-49.8706
2025-07-09T14:00,5.5,5.4,0.3,105.0,57,Ourinhos,SP,Sudeste,-22.9789,-49.8706
2025-07-09T15:00,5.4,5.3,0.9,106.0,57,Ourinhos,SP,Sudeste,-22.9789,-49.8706
2025-07-09T16:00,5.5,5.5,3.2,100.0,57,Ourinhos,SP,Sudeste,-22.9789,-49.8706
2025-07-09T17:00,7.1,7.0,6.4,90.0,57,Ourinhos,SP,Sudeste,-22.9789,-49.8706
2025-07-09T18:00,11.0,11.0,8.5,81.0,57,Ourinhos,SP,Sudeste,-22.9789,-49.8706
2025-07-09T19:00,13.2,13.2,8.5,74.0,57,Ourinhos,SP,Sudeste,-22.9789,-49.8706
2025-07-09T20:00,12.8,12.7,7.4,69.0,56,Ourinhos,SP,Sudeste,-22.9789,-49.8706
2025-07-09T21:00,8.3,7.8,5.6,64.0,55,Ourinhos,SP,Sudeste,-22.9789,-49.8706
2025-07-09T22:00,7.3,6.9,5.0,62.0,54,Ourinhos,SP,Sudeste,-22.9789,-49.8706
2025-07-09T23:00,7.1,6.6,4.2,59.0,53,Ourinhos,SP,Sudeste,-22.9789,-49.8706
2025-07-10T00:00,7.1,6.5,3.6,57.0,51,Ourinhos,SP,Sudeste,-22.9789,-49.8706
2025-07-10T01:00,7.2,6.6,3.4,56.0,48,Ourinhos,SP,Sudeste,-22.9789,-49.8706
2025-07-10T02:00,7.3,6.7,3.5,56.0,44,Ourinhos,SP,Sudeste,-22.9789,-49.8706
2025-07-10T03:00,7.6,6.9,3.6,56.0,42,Ourinhos,SP,Sudeste,-22.9789,-49.8706
2025-07-10T04:00,7.9,7.3,3.7,57.0,41,Ourinhos,SP,Sudeste,-22.9789,-49.8706
2025-07-10T05:00,8.1,7.7,3.7,58.0,41,Ourinhos,SP,Sudeste,-22.9789,-49.8706
2025-07-10T06:00,9.1,8.8,3.7,59.0,41,Ourinhos,SP,Sudeste,-22.9789,-49.8706
2025-07-10T07:00,9.8,9.6,3.6,60.0,41,Ourinhos,SP,Sudeste,-22.9789,-49.8706
2025-07-10T08:00,9.6,9.3,3.3,60.0,42,Ourinhos,SP,Sudeste,-22.9789,-49.8706
2025-07-10T09:00,7.9,7.6,3.5,61.0,42,Ourinhos,SP,Sudeste,-22.9789,-49.8706
2025-07-10T10:00,8.2,7.9,3.1,71.0,42,Ourinhos,SP,Sudeste,-22.9789,-49.8706
2025-07-10T11:00,8.6,8.4,2.4,86.0,43,Ourinhos,SP,Sudeste,-22.9789,-49.8706
2025-07-10T12:00,8.4,8.3,1.9,98.0,43,Ourinhos,SP,Sudeste,-22.9789,-49.8706
2025-07-10T13:00,8.0,7.9,1.3,108.0,44,Ourinhos,SP,Sudeste,-22.9789,-49.8706
2025-07-10T14:00,7.2,7.1,0.8,116.0,44,Ourinhos,SP,Sudeste,-22.9789,-49.8706
2025-07-10T15:00,6.6,6.5,1.2,118.0,45,Ourinhos,SP,Sudeste,-22.9789,-49.8706
2025-07-10T16:00,6.4,6.4,3.0,111.0,45,Ourinhos,SP,Sudeste,-22.9789,-49.8706
2025-07-10T17:00,7.5,7.5,5.7,99.0,45,Ourinhos,SP,Sudeste,-22.9789,-49.8706
2025-07-10T18:00,11.1,11.1,8.0,87.0,47,Ourinhos,SP,Sudeste,-22.9789,-49.8706
2025-07-10T19:00,14.4,14.3,9.6,78.0,48,Ourinhos,SP,Sudeste,-22.9789,-49.8706
2025-07-10T20:00,15.0,14.9,10.8,69.0,47,Ourinhos,SP,Sudeste,-22.9789,-49.8706
2025-07-10T21:00,12.7,12.7,8.5,71.0,46,Ourinhos,SP,Sudeste,-22.9789,-49.8706
2025-07-10T22:00,12.1,12.0,7.5,72.0,47,Ourinhos,SP,Sudeste,-22.9789,-49.8706
2025-07-10T23:00,11.8,11.7,6.0,73.0,48,Ourinhos,SP,Sudeste,-22.9789,-49.8706
2025-07-11T00:00,11.7,11.6,4.9,73.0,49,Ourinhos,SP,Sudeste,-22.9789,-49.8706
2025-07-11T01:00,11.6,11.5,4.4,71.0,50,Ourinhos,SP,Sudeste,-22.9789,-49.8706
2025-07-11T02:00,11.7,11.6,4.3,68.0,51,Ourinhos,SP,Sudeste,-22.9789,-49.8706
2025-07-11T03:00,12.0,11.9,4.3,65.0,51,Ourinhos,SP,Sudeste,-22.9789,-49.8706
2025-07-11T04:00,13.0,12.9,4.3,63.0,51,Ourinhos,SP,Sudeste,-22.9789,-49.8706
2025-07-11T05:00,14.1,14.0,4.5,62.0,52,Ourinhos,SP,Sudeste,-22.9789,-49.8706
2025-07-11T06:00,15.0,14.9,4.5,61.0,52,Ourinhos,SP,Sudeste,-22.9789,-49.8706
2025-07-11T07:00,15.7,15.6,4.3,59.0,53,Ourinhos,SP,Sudeste,-22.9789,-49.8706
2025-07-11T08:00,15.5,15.4,4.0,58.0,53,Ourinhos,SP,Sudeste,-22.9789,-49.8706
2025-07-11T09:00,14.5,14.3,3.4,60.0,54,Ourinhos,SP,Sudeste,-22.9789,-49.8706
2025-07-11T10:00,11.5,11.4,3.0,70.0,54,Ourinhos,SP,Sudeste,-22.9789,-49.8706
2025-07-11T11:00,10.5,10.4,2.5,84.0,55,Ourinhos,SP,Sudeste,-22.9789,-49.8706
2025-07-11T12:00,9.3,9.2,2.0,95.0,55,Ourinhos,SP,Sudeste,-22.9789,-49.8706
2025-07-11T13:00,7.9,7.8,1.4,101.0,55,Ourinhos,SP,Sudeste,-22.9789,-49.8706
2025-07-11T14:00,6.1,6.0,0.8,105.0,55,Ourinhos,SP,Sudeste,-22.9789,-49.8706
2025-07-11T15:00,4.5,4.4,1.2,104.0,55,Ourinhos,SP,Sudeste,-22.9789,-49.8706
2025-07-11T16:00,4.2,4.1,3.5,95.0,55,Ourinhos,SP,Sudeste,-22.9789,-49.8706
2025-07-11T17:00,6.3,6.2,6.7,82.0,54,Ourinhos,SP,Sudeste,-22.9789,-49.8706
2025-07-11T18:00,10.2,10.1,9.0,71.0,54,Ourinhos,SP,Sudeste,-22.9789,-49.8706
2025-07-11T19:00,11.5,11.2,9.6,64.0,54,Ourinhos,SP,Sudeste,-22.9789,-49.8706
2025-07-11T20:00,11.5,11.3,9.4,60.0,54,Ourinhos,SP,Sudeste,-22.9789,-49.8706
2025-07-11T21:00,10.9,10.6,9.9,55.0,54,Ourinhos,SP,Sudeste,-22.9789,-49.8706
2025-07-11T22:00,10.8,10.4,9.2,55.0,53,Ourinhos,SP,Sudeste,-22.9789,-49.8706
2025-07-11T23:00,10.5,10.2,8.3,56.0,53,Ourinhos,SP,Sudeste,-22.9789,-49.8706
2025-07-12T00:00,10.0,9.9,7.4,56.0,53,Ourinhos,SP,Sudeste,-22.9789,-49.8706
2025-07-12T01:00,9.9,9.9,6.8,56.0,53,Ourinhos,SP,Sudeste,-22.9789,-49.8706
2025-07-12T02:00,10.2,10.1,6.3,55.0,53,Ourinhos,SP,Sudeste,-22.9789,-49.8706
2025-07-12T03:00,10.5,10.4,5.9,54.0,53,Ourinhos,SP,Sudeste,-22.9789,-49.8706
2025-07-12T04:00,10.6,10.5,5.6,52.0,53,Ourinhos,SP,Sudeste,-22.9789,-49.8706
2025-07-12T05:00,10.5,10.4,5.5,51.0,53,Ourinhos,SP,Sudeste,-22.9789,-49.8706
2025-07-12T06:00,10.7,10.6,5.3,50.0,52,Ourinhos,SP,Sudeste,-22.9789,-49.8706
2025-07-12T07:00,11.2,11.1,5.2,50.0,52,Ourinhos,SP,Sudeste,-22.9789,-49.8706
2025-07-12T08:00,12.0,11.9,5.1,51.0,52,Ourinhos,SP,Sudeste,-22.9789,-49.8706
2025-07-12T09:00,9.5,9.5,5.0,53.0,51,Ourinhos,SP,Sudeste,-22.9789,-49.8706
2025-07-12T10:00,10.5,10.4,4.1,67.0,51,Ourinhos,SP,Sudeste,-22.9789,-49.8706
2025-07-12T11:00,11.6,11.5,2.8,86.0,51,Ourinhos,SP,Sudeste,-22.9789,-49.8706
2025-07-12T12:00,12.0,11.7,1.8,100.0,51,Ourinhos,SP,Sudeste,-22.9789,-49.8706
2025-07-12T13:00,9.5,8.9,1.1,104.0,51,Ourinhos,SP,Sudeste,-22.9789,-49.8706
2025-07-12T14:00,9.1,8.4,0.7,102.0,51,Ourinhos,SP,Sudeste,-22.9789,-49.8706
2025-07-12T15:00,9.6,9.0,1.3,98.0,51,Ourinhos,SP,Sudeste,-22.9789,-49.8706
2025-07-12T16:00,10.8,10.2,3.7,91.0,52,Ourinhos,SP,Sudeste,-22.9789,-49.8706
2025-07-12T17:00,12.7,12.1,7.0,82.0,52,Ourinhos,SP,Sudeste,-22.9789,-49.8706
2025-07-12T18:00,17.1,16.5,10.0,73.0,53,Ourinhos,SP,Sudeste,-22.9789,-49.8706
2025-07-12T19:00,21.9,21.4,12.5,63.0,53,Ourinhos,SP,Sudeste,-22.9789,-49.8706
2025-07-12T20:00,23.3,22.8,14.5,52.0,54,Ourinhos,SP,Sudeste,-22.9789,-49.8706
2025-07-12T21:00,15.4,15.3,11.7,50.0,55,Ourinhos,SP,Sudeste,-22.9789,-49.8706
2025-07-12T22:00,14.0,13.9,9.8,54.0,55,Ourinhos,SP,Sudeste,-22.9789,-49.8706
2025-07-12T23:00,12.8,12.7,7.0,60.0,56,Ourinhos,SP,Sudeste,-22.9789,-49.8706
2025-07-13T00:00,12.6,12.5,4.9,65.0,56,Ourinhos,SP,Sudeste,-22.9789,-49.8706
2025-07-13T01:00,12.5,12.5,3.8,69.0,56,Ourinhos,SP,Sudeste,-22.9789,-49.8706
2025-07-13T02:00,12.0,11.9,3.3,73.0,56,Ourinhos,SP,Sudeste,-22.9789,-49.8706
2025-07-13T03:00,11.3,11.2,3.1,75.0,56,Ourinhos,SP,Sudeste,-22.9789,-49.8706
2025-07-13T04:00,10.7,10.5,3.1,74.0,56,Ourinhos,SP,Sudeste,-22.9789,-49.8706
2025-07-13T05:00,10.4,10.2,3.4,71.0,56,Ourinhos,SP,Sudeste,-22.9789,-49.8706
2025-07-13T06:00,10.4,10.2,3.8,68.0,56,Ourinhos,SP,Sudeste,-22.9789,-49.8706
2025-07-13T07:00,10.7,10.5,4.3,65.0,56,Ourinhos,SP,Sudeste,-22.9789,-49.8706
2025-07-13T08:00,11.1,10.9,4.9,63.0,56,Ourinhos,SP,Sudeste,-22.9789,-49.8706
2025-07-13T09:00,7.9,7.8,4.3,69.0,56,Ourinhos,SP,Sudeste,-22.9789,-49.8706
2025-07-13T10:00,8.4,8.2,3.6,77.0,56,Ourinhos,SP,Sudeste,-22.9789,-49.8706
2025-07-13T11:00,9.6,9.4,2.6,88.0,56,Ourinhos,SP,Sudeste,-22.9789,-49.8706
2025-07-13T12:00,11.2,10.8,1.9,96.0,56,Ourinhos,SP,Sudeste,-22.9789,-49.8706
2025-07-13T13:00,11.4,10.8,1.6,99.0,56,Ourinhos,SP,Sudeste,-22.9789,-49.8706
2025-07-13T14:00,11.3,10.7,1.5,100.0,56,Ourinhos,SP,Sudeste,-22.9789,-49.8706
2025-07-13T15:00,11.9,11.3,1.8,98.0,56,Ourinhos,SP,Sudeste,-22.9789,-49.8706
2025-07-13T16:00,12.6,12.1,2.7,94.0,56,Ourinhos,SP,Sudeste,-22.9789,-49.8706
2025-07-13T17:00,13.2,12.8,4.1,88.0,56,Ourinhos,SP,Sudeste,-22.9789,-49.8706
2025-07-13T18:00,14.5,14.1,5.2,83.0,56,Ourinhos,SP,Sudeste,-22.9789,-49.8706
2025-07-13T19:00,15.8,15.5,5.9,79.0,56,Ourinhos,SP,Sudeste,-22.9789,-49.8706
2025-07-13T20:00,16.7,16.4,6.4,76.0,56,Ourinhos,SP,Sudeste,-22.9789,-49.8706
2025-07-13T21:00,11.2,11.1,5.8,72.0,55,Ourinhos,SP,Sudeste,-22.9789,-49.8706
2025-07-13T22:00,11.2,11.0,5.5,70.0,55,Ourinhos,SP,Sudeste,-22.9789,-49.8706
2025-07-13T23:00,9.9,9.7,5.1,66.0,55,Ourinhos,SP,Sudeste,-22.9789,-49.8706
2025-07-14T00:00,8.2,8.1,4.7,63.0,54,Ourinhos,SP,Sudeste,-22.9789,-49.8706
2025-07-14T01:00,7.0,6.9,4.4,61.0,54,Ourinhos,SP,Sudeste,-22.9789,-49.8706
2025-07-14T02:00,6.5,6.4,4.2,60.0,54,Ourinhos,SP,Sudeste,-22.9789,-49.8706
2025-07-14T03:00,6.5,6.4,4.2,58.0,53,Ourinhos,SP,Sudeste,-22.9789,-49.8706
2025-07-14T04:00,6.7,6.6,4.7,56.0,53,Ourinhos,SP,Sudeste,-22.9789,-49.8706
2025-07-14T05:00,7.0,7.0,5.4,53.0,53,Ourinhos,SP,Sudeste,-22.9789,-49.8706
2025-07-14T06:00,7.6,7.5,6.0,51.0,52,Ourinhos,SP,Sudeste,-22.9789,-49.8706
2025-07-14T07:00,8.4,8.1,6.4,48.0,52,Ourinhos,SP,Sudeste,-22.9789,-49.8706
2025-07-14T08:00,9.1,8.8,6.6,46.0,52,Ourinhos,SP,Sudeste,-22.9789,-49.8706
2025-07-14T09:00,5.0,4.8,7.4,49.0,52,Ourinhos,SP,Sudeste,-22.9789,-49.8706
2025-07-14T10:00,4.6,4.3,6.2,59.0,51,Ourinhos,SP,Sudeste,-22.9789,-49.8706
2025-07-14T11:00,4.3,4.2,4.5,74.0,51,Ourinhos,SP,Sudeste,-22.9789,-49.8706
2025-07-14T12:00,6.3,6.0,3.1,85.0,51,Ourinhos,SP,Sudeste,-22.9789,-49.8706
2025-07-14T13:00,9.2,8.6,2.0,90.0,50,Ourinhos,SP,Sudeste,-22.9789,-49.8706
2025-07-14T14:00,10.1,9.4,1.2,91.0,50,Ourinhos,SP,Sudeste,-22.9789,-49.8706
2025-07-14T15:00,10.7,9.9,1.5,90.0,50,Ourinhos,SP,Sudeste,-22.9789,-49.8706
2025-07-14T16:00,11.2,10.4,3.3,85.0,50,Ourinhos,SP,Sudeste,-22.9789,-49.8706
2025-07-14T17:00,12.3,11.6,6.2,77.0,50,Ourinhos,SP,Sudeste,-22.9789,-49.8706
2025-07-14T18:00,17.1,16.3,10.0,68.0,49,Ourinhos,SP,Sudeste,-22.9789,-49.8706
2025-07-14T19:00,24.1,23.4,15.7,55.0,50,Ourinhos,SP,Sudeste,-22.9789,-49.8706
2025-07-14T20:00,29.5,28.9,22.3,41.0,51,Ourinhos,SP,Sudeste,-22.9789,-49.8706
2025-07-14T21:00,30.9,29.9,26.5,30.0,52,Ourinhos,SP,Sudeste,-22.9789,-49.8706
2025-07-14T22:00,30.0,29.3,23.9,31.0,53,Ourinhos,SP,Sudeste,-22.9789,-49.8706
2025-07-14T23:00,26.3,25.7,20.2,33.0,54,Ourinhos,SP,Sudeste,-22.9789,-49.8706
2025-07-15T00:00,20.4,20.0,16.7,35.0,56,Ourinhos,SP,Sudeste,-22.9789,-49.8706
2025-07-15T01:00,15.0,14.8,13.5,38.0,57,Ourinhos,SP,Sudeste,-22.9789,-49.8706
2025-07-15T02:00,11.6,11.5,10.4,42.0,57,Ourinhos,SP,Sudeste,-22.9789,-49.8706
2025-07-15T03:00,9.7,9.6,8.0,45.0,58,Ourinhos,SP,Sudeste,-22.9789,-49.8706
2025-07-15T04:00,8.6,8.5,6.7,45.0,58,Ourinhos,SP,Sudeste,-22.9789,-49.8706
2025-07-15T05:00,7.9,7.9,6.2,44.0,58,Ourinhos,SP,Sudeste,-22.9789,-49.8706
2025-07-15T06:00,7.7,7.6,6.0,44.0,58,Ourinhos,SP,Sudeste,-22.9789,-49.8706
2025-07-15T07:00,7.7,7.5,6.1,44.0,58,Ourinhos,SP,Sudeste,-22.9789,-49.8706
2025-07-15T08:00,8.1,8.0,6.5,44.0,58,Ourinhos,SP,Sudeste,-22.9789,-49.8706
2025-07-15T09:00,6.0,5.9,5.9,53.0,58,Ourinhos,SP,Sudeste,-22.9789,-49.8706
2025-07-15T10:00,6.1,6.0,4.8,64.0,58,Ourinhos,SP,Sudeste,-22.9789,-49.8706
2025-07-15T11:00,6.6,6.5,3.4,80.0,58,Ourinhos,SP,Sudeste,-22.9789,-49.8706
2025-07-15T12:00,6.5,6.4,2.2,93.0,58,Ourinhos,SP,Sudeste,-22.9789,-49.8706
2025-07-15T13:00,6.0,5.9,1.4,102.0,58,Ourinhos,SP,Sudeste,-22.9789,-49.8706
2025-07-15T14:00,5.9,5.7,0.9,109.0,58,Ourinhos,SP,Sudeste,-22.9789,-49.8706
2025-07-15T15:00,5.5,5.4,1.4,111.0,58,Ourinhos,SP,Sudeste,-22.9789,-49.8706
2025-07-15T16:00,5.9,5.8,3.6,105.0,58,Ourinhos,SP,Sudeste,-22.9789,-49.8706
2025-07-15T17:00,7.5,7.4,6.8,93.0,57,Ourinhos,SP,Sudeste,-22.9789,-49.8706
2025-07-15T18:00,12.7,12.6,10.1,81.0,57,Ourinhos,SP,Sudeste,-22.9789,-49.8706
2025-07-15T19:00,19.0,18.5,13.7,69.0,57,Ourinhos,SP,Sudeste,-22.9789,-49.8706
2025-07-15T20:00,22.6,22.0,17.5,57.0,56,Ourinhos,SP,Sudeste,-22.9789,-49.8706
2025-07-15T21:00,15.7,15.3,15.0,52.0,56,Ourinhos,SP,Sudeste,-22.9789,-49.8706
2025-07-15T22:00,16.6,15.9,14.9,50.0,55,Ourinhos,SP,Sudeste,-22.9789,-49.8706
2025-07-15T23:00,16.4,15.7,14.7,47.0,53,Ourinhos,SP,Sudeste,-22.9789,-49.8706
2025-07-16T00:00,16.1,15.4,14.2,44.0,53,Ourinhos,SP,Sudeste,-22.9789,-49.8706
2025-07-16T01:00,15.5,14.9,13.2,42.0,52,Ourinhos,SP,Sudeste,-22.9789,-49.8706
2025-07-16T02:00,14.1,13.5,11.9,41.0,52,Ourinhos,SP,Sudeste,-22.9789,-49.8706
2025-07-16T03:00,12.3,11.9,10.8,41.0,53,Ourinhos,SP,Sudeste,-22.9789,-49.8706
2025-07-16T04:00,11.1,10.7,10.1,41.0,53,Ourinhos,SP,Sudeste,-22.9789,-49.8706
2025-07-16T05:00,10.7,10.3,9.5,41.0,53,Ourinhos,SP,Sudeste,-22.9789,-49.8706
2025-07-16T06:00,11.2,10.7,9.0,43.0,53,Ourinhos,SP,Sudeste,-22.9789,-49.8706
2025-07-16T07:00,12.1,11.6,8.6,45.0,53,Ourinhos,SP,Sudeste,-22.9789,-49.8706
2025-07-16T08:00,12.8,12.3,8.2,48.0,54,Ourinhos,SP,Sudeste,-22.9789,-49.8706
2025-07-16T09:00,8.6,8.1,7.6,61.0,54,Ourinhos,SP,Sudeste,-22.9789,-49.8706
2025-07-16T10:00,8.0,7.6,5.8,79.0,54,Ourinhos,SP,Sudeste,-22.9789,-49.8706
2025-07-16T11:00,6.5,6.3,3.4,103.0,54,Ourinhos,SP,Sudeste,-22.9789,-49.8706
2025-07-16T12:00,4.1,4.1,1.6,121.0,54,Ourinhos,SP,Sudeste,-22.9789,-49.8706
2025-07-16T13:00,3.7,3.7,0.7,127.0,54,Ourinhos,SP,Sudeste,-22.9789,-49.8706
2025-07-16T14:00,3.7,3.7,0.3,127.0,54,Ourinhos,SP,Sudeste,-22.9789,-49.8706
2025-07-16T15:00,3.9,3.8,1.1,124.0,54,Ourinhos,SP,Sudeste,-22.9789,-49.8706
2025-07-16T16:00,4.1,4.1,3.8,118.0,54,Ourinhos,SP,Sudeste,-22.9789,-49.8706
2025-07-16T17:00,6.0,6.0,7.5,108.0,53,Ourinhos,SP,Sudeste,-22.9789,-49.8706
2025-07-16T18:00,11.7,11.7,10.6,97.0,59,Ourinhos,SP,Sudeste,-22.9789,-49.8706
2025-07-16T19:00,16.3,15.9,12.4,85.0,63,Ourinhos,SP,Sudeste,-22.9789,-49.8706
2025-07-16T20:00,16.5,16.0,13.5,72.0,59,Ourinhos,SP,Sudeste,-22.9789,-49.8706
2025-07-16T21:00,8.9,8.6,7.0,77.0,53,Ourinhos,SP,Sudeste,-22.9789,-49.8706
2025-07-16T22:00,8.5,8.5,7.0,73.0,52,Ourinhos,SP,Sudeste,-22.9789,-49.8706
2025-07-16T23:00,9.1,9.0,7.1,67.0,52,Ourinhos,SP,Sudeste,-22.9789,-49.8706
2025-07-17T00:00,9.1,9.0,7.1,62.0,51,Ourinhos,SP,Sudeste,-22.9789,-49.8706
2025-07-17T01:00,8.9,8.8,6.9,60.0,50,Ourinhos,SP,Sudeste,-22.9789,-49.8706
2025-07-17T02:00,8.4,8.2,6.6,59.0,50,Ourinhos,SP,Sudeste,-22.9789,-49.8706
2025-07-17T03:00,8.6,8.4,6.6,57.0,49,Ourinhos,SP,Sudeste,-22.9789,-49.8706
2025-07-17T04:00,9.7,9.4,7.2,54.0,48,Ourinhos,SP,Sudeste,-22.9789,-49.8706
2025-07-17T05:00,10.7,10.4,8.1,51.0,48,Ourinhos,SP,Sudeste,-22.9789,-49.8706
2025-07-17T06:00,11.6,11.3,8.7,49.0,48,Ourinhos,SP,Sudeste,-22.9789,-49.8706
2025-07-17T07:00,12.4,12.1,9.0,48.0,48,Ourinhos,SP,Sudeste,-22.9789,-49.8706
2025-07-17T08:00,13.2,12.9,8.9,48.0,48,Ourinhos,SP,Sudeste,-22.9789,-49.8706
2025-07-17T09:00,11.3,10.8,8.1,59.0,48,Ourinhos,SP,Sudeste,-22.9789,-49.8706
2025-07-17T10:00,8.5,8.1,6.2,80.0,49,Ourinhos,SP,Sudeste,-22.9789,-49.8706
2025-07-17T11:00,5.8,5.7,3.6,110.0,49,Ourinhos,SP,Sudeste,-22.9789,-49.8706
2025-07-17T12:00,3.7,3.7,1.6,131.0,49,Ourinhos,SP,Sudeste,-22.9789,-49.8706
2025-07-17T13:00,2.9,2.9,0.7,137.0,49,Ourinhos,SP,Sudeste,-22.9789,-49.8706
2025-07-17T14:00,2.7,2.7,0.5,134.0,48,Ourinhos,SP,Sudeste,-22.9789,-49.8706
2025-07-17T15:00,2.7,2.7,1.1,128.0,48,Ourinhos,SP,Sudeste,-22.9789,-49.8706
2025-07-17T16:00,2.8,2.7,3.0,120.0,48,Ourinhos,SP,Sudeste,-22.9789,-49.8706
2025-07-17T17:00,4.1,4.1,5.7,109.0,58,Ourinhos,SP,Sudeste,-22.9789,-49.8706
2025-07-17T18:00,8.2,8.0,8.2,98.0,68,Ourinhos,SP,Sudeste,-22.9789,-49.8706
2025-07-17T19:00,13.7,13.0,10.3,87.0,72,Ourinhos,SP,Sudeste,-22.9789,-49.8706
2025-07-17T20:00,15.5,14.7,12.1,77.0,67,Ourinhos,SP,Sudeste,-22.9789,-49.8706
2025-07-17T21:00,12.2,11.6,11.5,73.0,56,Ourinhos,SP,Sudeste,-22.9789,-49.8706
2025-07-17T22:00,9.9,9.4,10.1,71.0,48,Ourinhos,SP,Sudeste,-22.9789,-49.8706
2025-07-17T23:00,8.8,8.4,8.2,69.0,46,Ourinhos,SP,Sudeste,-22.9789,-49.8706
2025-07-18T00:00,9.2,8.9,6.6,66.0,46,Ourinhos,SP,Sudeste,-22.9789,-49.8706
2025-07-18T01:00,10.2,9.9,5.7,62.0,46,Ourinhos,SP,Sudeste,-22.9789,-49.8706
2025-07-18T02:00,10.6,10.4,5.1,58.0,46,Ourinhos,SP,Sudeste,-22.9789,-49.8706
2025-07-18T03:00,10.0,9.8,4.7,54.0,47,Ourinhos,SP,Sudeste,-22.9789,-49.8706
2025-07-18T04:00,9.0,8.8,4.6,51.0,47,Ourinhos,SP,Sudeste,-22.9789,-49.8706
2025-07-18T05:00,8.3,8.1,4.7,49.0,47,Ourinhos,SP,Sudeste,-22.9789,-49.8706
2025-07-18T06:00,8.3,8.1,4.6,49.0,46,Ourinhos,SP,Sudeste,-22.9789,-49.8706
2025-07-18T07:00,8.5,8.4,4.2,50.0,46,Ourinhos,SP,Sudeste,-22.9789,-49.8706
2025-07-18T08:00,8.3,8.2,3.6,53.0,45,Ourinhos,SP,Sudeste,-22.9789,-49.8706
2025-07-18T09:00,5.5,5.3,3.1,58.0,44,Ourinhos,SP,Sudeste,-22.9789,-49.8706
2025-07-18T10:00,5.2,5.2,2.6,66.0,43,Ourinhos,SP,Sudeste,-22.9789,-49.8706
2025-07-18T11:00,5.3,5.3,1.8,78.0,42,Ourinhos,SP,Sudeste,-22.9789,-49.8706
2025-07-18T12:00,5.3,5.3,1.3,87.0,42,Ourinhos,SP,Sudeste,-22.9789,-49.8706
2025-07-18T13:00,5.4,5.4,0.9,93.0,42,Ourinhos,SP,Sudeste,-22.9789,-49.8706
2025-07-18T14:00,5.5,5.5,0.7,97.0,43,Ourinhos,SP,Sudeste,-22.9789,-49.8706
2025-07-18T15:00,5.6,5.6,1.3,98.0,43,Ourinhos,SP,Sudeste,-22.9789,-49.8706
2025-07-18T16:00,5.6,5.6,2.7,94.0,44,Ourinhos,SP,Sudeste,-22.9789,-49.8706
2025-07-18T17:00,6.3,6.3,4.9,87.0,45,Ourinhos,SP,Sudeste,-22.9789,-49.8706
2025-07-18T18:00,10.7,10.7,8.2,78.0,45,Ourinhos,SP,Sudeste,-22.9789,-49.8706
2025-07-18T19:00,18.7,18.3,13.3,67.0,46,Ourinhos,SP,Sudeste,-22.9789,-49.8706
2025-07-18T20:00,24.9,24.3,19.5,55.0,47,Ourinhos,SP,Sudeste,-22.9789,-49.8706
2025-07-18T21:00,34.0,33.4,27.9,40.0,49,Ourinhos,SP,Sudeste,-22.9789,-49.8706
2025-07-18T22:00,39.9,39.3,30.0,36.0,51,Ourinhos,SP,Sudeste,-22.9789,-49.8706
2025-07-18T23:00,44.6,43.9,32.8,31.0,54,Ourinhos,SP,Sudeste,-22.9789,-49.8706
2025-07-19T00:00,48.1,47.3,34.6,26.0,57,Ourinhos,SP,Sudeste,-22.9789,-49.8706
2025-07-19T01:00,49.9,49.1,34.7,23.0,60,Ourinhos,SP,Sudeste,-22.9789,-49.8706
2025-07-19T02:00,50.5,49.7,33.7,21.0,63,Ourinhos,SP,Sudeste,-22.9789,-49.8706
2025-07-19T03:00,49.7,48.9,31.5,20.0,66,Ourinhos,SP,Sudeste,-22.9789,-49.8706
2025-07-19T04:00,45.9,45.1,27.3,22.0,69,Ourinhos,SP,Sudeste,-22.9789,-49.8706
2025-07-19T05:00,37.5,36.8,21.9,25.0,72,Ourinhos,SP,Sudeste,-22.9789,-49.8706
2025-07-19T06:00,28.8,28.2,16.9,30.0,74,Ourinhos,SP,Sudeste,-22.9789,-49.8706
2025-07-19T07:00,23.1,22.7,12.9,36.0,76,Ourinhos,SP,Sudeste,-22.9789,-49.8706
2025-07-19T08:00,19.4,19.0,9.3,43.0,77,Ourinhos,SP,Sudeste,-22.9789,-49.8706
2025-07-19T09:00,7.7,7.4,4.9,57.0,78,Ourinhos,SP,Sudeste,-22.9789,-49.8706
2025-07-19T10:00,5.0,4.8,3.8,68.0,78,Ourinhos,SP,Sudeste,-22.9789,-49.8706
2025-07-19T11:00,3.4,3.3,2.2,84.0,78,Ourinhos,SP,Sudeste,-22.9789,-49.8706
2025-07-19T12:00,2.3,2.2,1.1,96.0,78,Ourinhos,SP,Sudeste,-22.9789,-49.8706
2025-07-19T13:00,2.2,2.2,0.5,103.0,77,Ourinhos,SP,Sudeste,-22.9789,-49.8706
2025-07-19T14:00,2.4,2.4,0.2,106.0,77,Ourinhos,SP,Sudeste,-22.9789,-49.8706
2025-07-19T15:00,2.7,2.7,1.1,106.0,77,Ourinhos,SP,Sudeste,-22.9789,-49.8706
2025-07-19T16:00,3.0,2.9,3.8,101.0,77,Ourinhos,SP,Sudeste,-22.9789,-49.8706
2025-07-19T17:00,4.6,4.5,7.6,93.0,76,Ourinhos,SP,Sudeste,-22.9789,-49.8706
2025-07-19T18:00,12.1,11.6,10.9,84.0,76,Ourinhos,SP,Sudeste,-22.9789,-49.8706
2025-07-19T19:00,17.8,17.2,13.4,74.0,76,Ourinhos,SP,Sudeste,-22.9789,-49.8706
2025-07-19T20:00,19.4,18.9,15.3,64.0,76,Ourinhos,SP,Sudeste,-22.9789,-49.8706
2025-07-19T21:00,7.9,7.7,8.4,59.0,76,Ourinhos,SP,Sudeste,-22.9789,-49.8706
2025-07-19T22:00,7.8,7.6,7.8,57.0,74,Ourinhos,SP,Sudeste,-22.9789,-49.8706
2025-07-19T23:00,7.1,7.0,7.0,54.0,71,Ourinhos,SP,Sudeste,-22.9789,-49.8706
2025-07-20T00:00,6.3,6.2,6.3,52.0,68,Ourinhos,SP,Sudeste,-22.9789,-49.8706
2025-07-20T01:00,5.8,5.6,5.7,50.0,65,Ourinhos,SP,Sudeste,-22.9789,-49.8706
2025-07-20T02:00,5.5,5.4,5.2,49.0,62,Ourinhos,SP,Sudeste,-22.9789,-49.8706
2025-07-20T03:00,5.6,5.5,4.8,48.0,58,Ourinhos,SP,Sudeste,-22.9789,-49.8706
2025-07-20T04:00,5.8,5.6,4.7,47.0,55,Ourinhos,SP,Sudeste,-22.9789,-49.8706
2025-07-20T05:00,6.0,5.8,4.8,46.0,52,Ourinhos,SP,Sudeste,-22.9789,-49.8706
2025-07-20T06:00,6.5,6.2,4.8,47.0,48,Ourinhos,SP,Sudeste,-22.9789,-49.8706
2025-07-20T07:00,7.3,7.0,4.6,49.0,43,Ourinhos,SP,Sudeste,-22.9789,-49.8706
2025-07-20T08:00,7.1,6.8,4.3,52.0,39,Ourinhos,SP,Sudeste,-22.9789,-49.8706
2025-07-20T09:00,3.9,3.8,3.6,58.0,36,Ourinhos,SP,Sudeste,-22.9789,-49.8706
2025-07-20T10:00,4.1,4.1,3.0,65.0,35,Ourinhos,SP,Sudeste,-22.9789,-49.8706
2025-07-20T11:00,4.5,4.5,2.2,74.0,35,Ourinhos,SP,Sudeste,-22.9789,-49.8706
2025-07-20T12:00,4.9,4.9,1.6,84.0,36,Ourinhos,SP,Sudeste,-22.9789,-49.8706
2025-07-20T13:00,5.3,5.3,1.0,95.0,36,Ourinhos,SP,Sudeste,-22.9789,-49.8706
2025-07-20T14:00,5.2,5.1,0.5,106.0,37,Ourinhos,SP,Sudeste,-22.9789,-49.8706
2025-07-20T15:00,4.8,4.8,1.3,111.0,37,Ourinhos,SP,Sudeste,-22.9789,-49.8706
2025-07-20T16:00,4.9,4.9,4.6,108.0,38,Ourinhos,SP,Sudeste,-22.9789,-49.8706
2025-07-20T17:00,7.1,7.1,9.1,99.0,41,Ourinhos,SP,Sudeste,-22.9789,-49.8706
2025-07-20T18:00,14.2,14.1,12.4,90.0,43,Ourinhos,SP,Sudeste,-22.9789,-49.8706
2025-07-20T19:00,20.3,19.8,13.3,81.0,44,Ourinhos,SP,Sudeste,-22.9789,-49.8706
2025-07-20T20:00,20.4,19.7,12.9,70.0,45,Ourinhos,SP,Sudeste,-22.9789,-49.8706
2025-07-20T21:00,10.5,10.1,9.8,57.0,44,Ourinhos,SP,Sudeste,-22.9789,-49.8706
2025-07-20T22:00,12.0,11.6,9.4,55.0,42,Ourinhos,SP,Sudeste,-22.9789,-49.8706
2025-07-20T23:00,11.8,11.5,8.8,52.0,42,Ourinhos,SP,Sudeste,-22.9789,-49.8706
2025-07-21T00:00,10.4,10.3,8.2,50.0,43,Ourinhos,SP,Sudeste,-22.9789,-49.8706
2025-07-21T01:00,9.1,9.1,7.5,48.0,44,Ourinhos,SP,Sudeste,-22.9789,-49.8706
2025-07-21T02:00,8.5,8.4,6.8,47.0,45,Ourinhos,SP,Sudeste,-22.9789,-49.8706
2025-07-21T03:00,8.2,8.1,6.3,45.0,45,Ourinhos,SP,Sudeste,-22.9789,-49.8706
2025-07-21T04:00,8.1,8.0,6.3,43.0,46,Ourinhos,SP,Sudeste,-22.9789,-49.8706
2025-07-21T05:00,8.4,8.3,6.6,40.0,47,Ourinhos,SP,Sudeste,-22.9789,-49.8706
2025-07-21T06:00,9.1,8.9,6.7,40.0,47,Ourinhos,SP,Sudeste,-22.9789,-49.8706
2025-07-21T07:00,10.0,9.7,6.3,40.0,48,Ourinhos,SP,Sudeste,-22.9789,-49.8706
2025-07-21T08:00,9.8,9.5,5.7,43.0,48,Ourinhos,SP,Sudeste,-22.9789,-49.8706
2025-07-21T09:00,8.6,8.5,5.4,48.0,49,Ourinhos,SP,Sudeste,-22.9789,-49.8706
2025-07-21T10:00,8.4,8.3,4.4,68.0,50,Ourinhos,SP,Sudeste,-22.9789,-49.8706
2025-07-21T11:00,8.7,8.6,3.0,96.0,50,Ourinhos,SP,Sudeste,-22.9789,-49.8706
2025-07-21T12:00,8.5,8.5,1.9,117.0,51,Ourinhos,SP,Sudeste,-22.9789,-49.8706
2025-07-21T13:00,6.7,6.7,1.1,127.0,51,Ourinhos,SP,Sudeste,-22.9789,-49.8706
2025-07-21T14:00,5.6,5.6,0.7,132.0,51,Ourinhos,SP,Sudeste,-22.9789,-49.8706
2025-07-21T15:00,5.3,5.3,1.5,131.0,51,Ourinhos,SP,Sudeste,-22.9789,-49.8706
2025-07-21T16:00,5.4,5.4,4.5,125.0,51,Ourinhos,SP,Sudeste,-22.9789,-49.8706
2025-07-21T17:00,7.6,7.6,8.8,114.0,51,Ourinhos,SP,Sudeste,-22.9789,-49.8706
2025-07-21T18:00,14.9,14.8,12.6,102.0,60,Ourinhos,SP,Sudeste,-22.9789,-49.8706
2025-07-21T19:00,23.0,22.2,15.1,91.0,67,Ourinhos,SP,Sudeste,-22.9789,-49.8706
2025-07-21T20:00,26.3,25.0,17.1,79.0,66,Ourinhos,SP,Sudeste,-22.9789,-49.8706
2025-07-21T21:00,17.2,16.4,12.9,73.0,58,Ourinhos,SP,Sudeste,-22.9789,-49.8706
2025-07-21T22:00,21.1,20.2,15.2,66.0,52,Ourinhos,SP,Sudeste,-22.9789,-49.8706
2025-07-21T23:00,26.1,25.0,18.4,57.0,53,Ourinhos,SP,Sudeste,-22.9789,-49.8706
2025-07-22T00:00,30.7,29.7,21.1,49.0,54,Ourinhos,SP,Sudeste,-22.9789,-49.8706
2025-07-22T01:00,34.7,33.6,22.9,43.0,56,Ourinhos,SP,Sudeste,-22.9789,-49.8706
2025-07-22T02:00,37.7,36.7,24.3,37.0,58,Ourinhos,SP,Sudeste,-22.9789,-49.8706
2025-07-22T03:00,39.7,38.6,25.0,33.0,60,Ourinhos,SP,Sudeste,-22.9789,-49.8706
2025-07-22T04:00,40.6,39.5,25.2,30.0,62,Ourinhos,SP,Sudeste,-22.9789,-49.8706
2025-07-22T05:00,40.4,39.2,24.9,28.0,65,Ourinhos,SP,Sudeste,-22.9789,-49.8706
2025-07-22T06:00,39.7,38.5,23.5,30.0,67,Ourinhos,SP,Sudeste,-22.9789,-49.8706
2025-07-22T07:00,38.9,37.7,20.6,35.0,69,Ourinhos,SP,Sudeste,-22.9789,-49.8706
2025-07-22T08:00,36.4,35.3,16.6,43.0,72,Ourinhos,SP,Sudeste,-22.9789,-49.8706
2025-07-22T09:00,23.1,22.1,12.2,59.0,74,Ourinhos,SP,Sudeste,-22.9789,-49.8706
2025-07-22T10:00,14.3,13.6,9.0,79.0,75,Ourinhos,SP,Sudeste,-22.9789,-49.8706
2025-07-22T11:00,7.2,7.0,4.6,107.0,75,Ourinhos,SP,Sudeste,-22.9789,-49.8706
2025-07-22T12:00,4.2,4.1,1.4,127.0,75,Ourinhos,SP,Sudeste,-22.9789,-49.8706
2025-07-22T13:00,3.2,3.1,0.1,132.0,75,Ourinhos,SP,Sudeste,-22.9789,-49.8706
2025-07-22T14:00,3.1,3.1,0.0,129.0,74,Ourinhos,SP,Sudeste,-22.9789,-49.8706
2025-07-22T15:00,3.3,3.2,1.0,123.0,74,Ourinhos,SP,Sudeste,-22.9789,-49.8706
2025-07-22T16:00,3.6,3.5,3.5,116.0,74,Ourinhos,SP,Sudeste,-22.9789,-49.8706
2025-07-22T17:00,5.3,5.2,7.1,108.0,74,Ourinhos,SP,Sudeste,-22.9789,-49.8706
2025-07-22T18:00,12.1,11.5,10.2,98.0,74,Ourinhos,SP,Sudeste,-22.9789,-49.8706
2025-07-22T19:00,19.7,18.7,12.6,87.0,73,Ourinhos,SP,Sudeste,-22.9789,-49.8706
2025-07-22T20:00,22.4,21.4,14.5,76.0,73,Ourinhos,SP,Sudeste,-22.9789,-49.8706
2025-07-22T21:00,18.1,17.3,16.0,66.0,73,Ourinhos,SP,Sudeste,-22.9789,-49.8706
2025-07-22T22:00,17.5,16.8,15.7,63.0,73,Ourinhos,SP,Sudeste,-22.9789,-49.8706
2025-07-22T23:00,18.4,17.7,15.3,59.0,73,Ourinhos,SP,Sudeste,-22.9789,-49.8706
2025-07-23T00:00,20.0,19.3,15.1,55.0,72,Ourinhos,SP,Sudeste,-22.9789,-49.8706
2025-07-23T01:00,21.7,20.9,15.4,51.0,71,Ourinhos,SP,Sudeste,-22.9789,-49.8706
2025-07-23T02:00,23.2,22.5,15.8,47.0,70,Ourinhos,SP,Sudeste,-22.9789,-49.8706
2025-07-23T03:00,24.4,23.6,16.2,43.0,69,Ourinhos,SP,Sudeste,-22.9789,-49.8706
2025-07-23T04:00,25.3,24.5,16.6,40.0,68,Ourinhos,SP,Sudeste,-22.9789,-49.8706
2025-07-23T05:00,25.8,25.0,16.8,37.0,67,Ourinhos,SP,Sudeste,-22.9789,-49.8706
2025-07-23T06:00,25.8,25.0,16.3,37.0,66,Ourinhos,SP,Sudeste,-22.9789,-49.8706
2025-07-23T07:00,25.4,24.6,14.7,40.0,65,Ourinhos,SP,Sudeste,-22.9789,-49.8706
2025-07-23T08:00,23.1,22.4,12.4,46.0,64,Ourinhos,SP,Sudeste,-22.9789,-49.8706
2025-07-23T09:00,15.0,14.3,7.7,63.0,63,Ourinhos,SP,Sudeste,-22.9789,-49.8706
2025-07-23T10:00,10.3,9.7,5.8,75.0,62,Ourinhos,SP,Sudeste,-22.9789,-49.8706
2025-07-23T11:00,5.9,5.7,3.1,92.0,62,Ourinhos,SP,Sudeste,-22.9789,-49.8706
2025-07-23T12:00,4.2,4.0,1.1,105.0,62,Ourinhos,SP,Sudeste,-22.9789,-49.8706
2025-07-23T13:00,3.7,3.5,0.3,111.0,62,Ourinhos,SP,Sudeste,-22.9789,-49.8706
2025-07-23T14:00,3.4,3.2,0.1,112.0,62,Ourinhos,SP,Sudeste,-22.9789,-49.8706
2025-07-23T15:00,3.4,3.1,0.9,111.0,62,Ourinhos,SP,Sudeste,-22.9789,-49.8706
2025-07-23T16:00,3.5,3.2,3.2,106.0,62,Ourinhos,SP,Sudeste,-22.9789,-49.8706
2025-07-23T17:00,4.9,4.7,6.5,97.0,62,Ourinhos,SP,Sudeste,-22.9789,-49.8706
2025-07-23T18:00,10.4,9.9,8.8,89.0,62,Ourinhos,SP,Sudeste,-22.9789,-49.8706
2025-07-23T19:00,15.5,14.6,9.5,82.0,61,Ourinhos,SP,Sudeste,-22.9789,-49.8706
2025-07-23T20:00,16.1,15.3,9.3,75.0,61,Ourinhos,SP,Sudeste,-22.9789,-49.8706
2025-07-23T21:00,8.9,8.8,6.7,70.0,61,Ourinhos,SP,Sudeste,-22.9789,-49.8706
2025-07-23T22:00,8.5,8.5,6.0,69.0,60,Ourinhos,SP,Sudeste,-22.9789,-49.8706
2025-07-23T23:00,8.9,8.8,5.1,69.0,59,Ourinhos,SP,Sudeste,-22.9789,-49.8706
2025-07-24T00:00,9.6,9.6,4.3,68.0,59,Ourinhos,SP,Sudeste,-22.9789,-49.8706
2025-07-24T01:00,10.4,10.3,4.0,68.0,58,Ourinhos,SP,Sudeste,-22.9789,-49.8706
2025-07-24T02:00,10.9,10.8,3.8,67.0,57,Ourinhos,SP,Sudeste,-22.9789,-49.8706
2025-07-24T03:00,11.2,11.0,3.7,67.0,56,Ourinhos,SP,Sudeste,-22.9789,-49.8706
2025-07-24T04:00,11.2,11.0,3.5,67.0,55,Ourinhos,SP,Sudeste,-22.9789,-49.8706
2025-07-24T05:00,11.2,10.9,3.4,67.0,54,Ourinhos,SP,Sudeste,-22.9789,-49.8706
2025-07-24T06:00,11.2,10.9,3.2,68.0,53,Ourinhos,SP,Sudeste,-22.9789,-49.8706
2025-07-24T07:00,11.1,10.8,2.9,69.0,52,Ourinhos,SP,Sudeste,-22.9789,-49.8706
2025-07-24T08:00,10.3,10.0,2.6,70.0,51,Ourinhos,SP,Sudeste,-22.9789,-49.8706
2025-07-24T09:00,12.1,11.6,2.5,72.0,49,Ourinhos,SP,Sudeste,-22.9789,-49.8706
2025-07-24T10:00,10.6,10.2,2.1,78.0,49,Ourinhos,SP,Sudeste,-22.9789,-49.8706
2025-07-24T11:00,9.4,9.0,1.5,87.0,49,Ourinhos,SP,Sudeste,-22.9789,-49.8706
2025-07-24T12:00,8.5,8.1,1.1,96.0,49,Ourinhos,SP,Sudeste,-22.9789,-49.8706
2025-07-24T13:00,7.9,7.6,0.8,104.0,50,Ourinhos,SP,Sudeste,-22.9789,-49.8706
2025-07-24T14:00,7.4,7.1,0.6,112.0,50,Ourinhos,SP,Sudeste,-22.9789,-49.8706
2025-07-24T15:00,6.8,6.6,1.0,115.0,51,Ourinhos,SP,Sudeste,-22.9789,-49.8706
2025-07-24T16:00,6.4,6.3,2.5,110.0,51,Ourinhos,SP,Sudeste,-22.9789,-49.8706
2025-07-24T17:00,7.2,7.0,4.6,100.0,51,Ourinhos,SP,Sudeste,-22.9789,-49.8706
2025-07-24T18:00,9.5,9.4,5.9,90.0,51,Ourinhos,SP,Sudeste,-22.9789,-49.8706
2025-07-24T19:00,10.4,10.2,5.6,81.0,51,Ourinhos,SP,Sudeste,-22.9789,-49.8706
2025-07-24T20:00,7.7,7.5,4.5,72.0,51,Ourinhos,SP,Sudeste,-22.9789,-49.8706
2025-07-24T21:00,7.0,6.3,3.4,61.0,50,Ourinhos,SP,Sudeste,-22.9789,-49.8706
2025-07-24T22:00,6.9,6.3,3.5,59.0,50,Ourinhos,SP,Sudeste,-22.9789,-49.8706
2025-07-24T23:00,7.0,6.4,3.7,56.0,50,Ourinhos,SP,Sudeste,-22.9789,-49.8706
2025-07-25T00:00,7.0,6.5,3.9,53.0,50,Ourinhos,SP,Sudeste,-22.9789,-49.8706
2025-07-25T01:00,7.3,6.7,4.1,51.0,49,Ourinhos,SP,Sudeste,-22.9789,-49.8706
2025-07-25T02:00,7.5,7.0,4.3,49.0,48,Ourinhos,SP,Sudeste,-22.9789,-49.8706
2025-07-25T03:00,7.6,7.1,4.3,49.0,47,Ourinhos,SP,Sudeste,-22.9789,-49.8706
2025-07-25T04:00,7.4,7.0,4.2,50.0,46,Ourinhos,SP,Sudeste,-22.9789,-49.8706
2025-07-25T05:00,7.2,6.9,3.9,52.0,45,Ourinhos,SP,Sudeste,-22.9789,-49.8706
2025-07-25T06:00,7.9,7.8,3.6,55.0,45,Ourinhos,SP,Sudeste,-22.9789,-49.8706
2025-07-25T07:00,9.3,9.1,3.3,59.0,44,Ourinhos,SP,Sudeste,-22.9789,-49.8706
2025-07-25T08:00,9.3,9.2,3.1,64.0,43,Ourinhos,SP,Sudeste,-22.9789,-49.8706
2025-07-25T09:00,7.3,7.2,2.7,66.0,43,Ourinhos,SP,Sudeste,-22.9789,-49.8706
2025-07-25T10:00,7.0,6.9,2.3,76.0,42,Ourinhos,SP,Sudeste,-22.9789,-49.8706
2025-07-25T11:00,6.9,6.8,1.7,91.0,41,Ourinhos,SP,Sudeste,-22.9789,-49.8706
2025-07-25T12:00,6.4,6.3,1.3,103.0,41,Ourinhos,SP,Sudeste,-22.9789,-49.8706
2025-07-25T13:00,5.8,5.7,0.9,111.0,41,Ourinhos,SP,Sudeste,-22.9789,-49.8706
2025-07-25T14:00,5.2,5.1,0.7,117.0,40,Ourinhos,SP,Sudeste,-22.9789,-49.8706
2025-07-25T15:00,4.8,4.7,1.1,119.0,40,Ourinhos,SP,Sudeste,-22.9789,-49.8706
2025-07-25T16:00,4.7,4.6,2.6,114.0,43,Ourinhos,SP,Sudeste,-22.9789,-49.8706
2025-07-25T17:00,5.4,5.3,4.7,104.0,46,Ourinhos,SP,Sudeste,-22.9789,-49.8706
2025-07-25T18:00,8.6,8.5,6.6,94.0,48,Ourinhos,SP,Sudeste,-22.9789,-49.8706
2025-07-25T19:00,11.6,11.5,8.0,84.0,49,Ourinhos,SP,Sudeste,-22.9789,-49.8706
2025-07-25T20:00,12.4,12.3,9.1,74.0,49,Ourinhos,SP,Sudeste,-22.9789,-49.8706
2025-07-25T21:00,13.7,13.6,10.2,66.0,47,Ourinhos,SP,Sudeste,-22.9789,-49.8706
2025-07-25T22:00,13.4,13.4,10.0,64.0,45,Ourinhos,SP,Sudeste,-22.9789,-49.8706
2025-07-25T23:00,14.0,13.9,9.7,62.0,43,Ourinhos,SP,Sudeste,-22.9789,-49.8706
2025-07-26T00:00,14.4,14.3,9.3,60.0,45,Ourinhos,SP,Sudeste,-22.9789,-49.8706
2025-07-26T01:00,14.1,14.1,8.6,60.0,47,Ourinhos,SP,Sudeste,-22.9789,-49.8706
2025-07-26T02:00,13.6,13.5,7.8,62.0,48,Ourinhos,SP,Sudeste,-22.9789,-49.8706
2025-07-26T03:00,13.0,12.9,7.3,62.0,50,Ourinhos,SP,Sudeste,-22.9789,-49.8706
2025-07-26T04:00,13.0,12.8,7.3,59.0,50,Ourinhos,SP,Sudeste,-22.9789,-49.8706
2025-07-26T05:00,13.2,13.0,7.6,56.0,51,Ourinhos,SP,Sudeste,-22.9789,-49.8706
2025-07-26T06:00,13.7,13.5,7.5,54.0,51,Ourinhos,SP,Sudeste,-22.9789,-49.8706
2025-07-26T07:00,14.6,14.3,6.9,54.0,52,Ourinhos,SP,Sudeste,-22.9789,-49.8706
2025-07-26T08:00,15.0,14.9,6.0,56.0,52,Ourinhos,SP,Sudeste,-22.9789,-49.8706
2025-07-26T09:00,13.3,13.3,4.9,67.0,53,Ourinhos,SP,Sudeste,-22.9789,-49.8706
2025-07-26T10:00,11.4,11.3,4.0,83.0,53,Ourinhos,SP,Sudeste,-22.9789,-49.8706
2025-07-26T11:00,11.1,11.1,2.7,106.0,53,Ourinhos,SP,Sudeste,-22.9789,-49.8706
2025-07-26T12:00,9.6,9.5,1.7,123.0,54,Ourinhos,SP,Sudeste,-22.9789,-49.8706
2025-07-26T13:00,8.8,8.6,1.1,130.0,54,Ourinhos,SP,Sudeste,-22.9789,-49.8706
2025-07-26T14:00,8.5,8.1,0.7,131.0,54,Ourinhos,SP,Sudeste,-22.9789,-49.8706
2025-07-26T15:00,8.6,8.1,1.4,128.0,54,Ourinhos,SP,Sudeste,-22.9789,-49.8706
2025-07-26T16:00,8.8,8.3,3.6,122.0,55,Ourinhos,SP,Sudeste,-22.9789,-49.8706
2025-07-26T17:00,10.0,9.5,6.8,112.0,56,Ourinhos,SP,Sudeste,-22.9789,-49.8706
2025-07-26T18:00,15.3,14.9,9.9,101.0,65,Ourinhos,SP,Sudeste,-22.9789,-49.8706
2025-07-26T19:00,20.9,20.3,13.0,89.0,69,Ourinhos,SP,Sudeste,-22.9789,-49.8706
2025-07-26T20:00,24.9,24.1,16.0,76.0,66,Ourinhos,SP,Sudeste,-22.9789,-49.8706
2025-07-26T21:00,18.1,17.7,17.9,64.0,57,Ourinhos,SP,Sudeste,-22.9789,-49.8706
2025-07-26T22:00,17.7,17.2,17.3,63.0,58,Ourinhos,SP,Sudeste,-22.9789,-49.8706
2025-07-26T23:00,17.6,17.1,16.4,62.0,58,Ourinhos,SP,Sudeste,-22.9789,-49.8706
2025-07-27T00:00,17.7,17.2,15.4,61.0,58,Ourinhos,SP,Sudeste,-22.9789,-49.8706
2025-07-27T01:00,17.3,16.8,14.3,61.0,59,Ourinhos,SP,Sudeste,-22.9789,-49.8706
2025-07-27T02:00,16.6,16.1,13.1,61.0,59,Ourinhos,SP,Sudeste,-22.9789,-49.8706
2025-07-27T03:00,15.7,15.2,12.1,61.0,59,Ourinhos,SP,Sudeste,-22.9789,-49.8706
2025-07-27T04:00,15.1,14.6,11.4,60.0,59,Ourinhos,SP,Sudeste,-22.9789,-49.8706
2025-07-27T05:00,14.9,14.4,10.9,60.0,59,Ourinhos,SP,Sudeste,-22.9789,-49.8706
2025-07-27T06:00,14.8,14.3,10.3,61.0,59,Ourinhos,SP,Sudeste,-22.9789,-49.8706
2025-07-27T07:00,14.5,14.0,9.5,63.0,60,Ourinhos,SP,Sudeste,-22.9789,-49.8706
2025-07-27T08:00,13.4,12.9,8.6,67.0,59,Ourinhos,SP,Sudeste,-22.9789,-49.8706
2025-07-27T09:00,10.3,9.9,6.7,80.0,59,Ourinhos,SP,Sudeste,-22.9789,-49.8706
2025-07-27T10:00,10.1,9.6,5.4,94.0,59,Ourinhos,SP,Sudeste,-22.9789,-49.8706
2025-07-27T11:00,9.7,9.1,3.6,113.0,59,Ourinhos,SP,Sudeste,-22.9789,-49.8706
2025-07-27T12:00,8.5,8.0,2.2,127.0,59,Ourinhos,SP,Sudeste,-22.9789,-49.8706
2025-07-27T13:00,7.1,6.9,1.4,131.0,59,Ourinhos,SP,Sudeste,-22.9789,-49.8706
2025-07-27T14:00,6.1,5.8,1.1,129.0,59,Ourinhos,SP,Sudeste,-22.9789,-49.8706
2025-07-27T15:00,5.2,4.9,1.2,125.0,58,Ourinhos,SP,Sudeste,-22.9789,-49.8706
2025-07-27T16:00,4.7,4.5,2.1,118.0,58,Ourinhos,SP,Sudeste,-22.9789,-49.8706
2025-07-27T17:00,4.9,4.7,3.4,109.0,62,Ourinhos,SP,Sudeste,-22.9789,-49.8706
2025-07-27T18:00,6.1,5.9,4.6,101.0,68,Ourinhos,SP,Sudeste,-22.9789,-49.8706
2025-07-27T19:00,7.2,7.1,5.4,95.0,69,Ourinhos,SP,Sudeste,-22.9789,-49.8706
2025-07-27T20:00,7.5,7.4,6.0,89.0,65,Ourinhos,SP,Sudeste,-22.9789,-49.8706
2025-07-27T21:00,3.8,3.6,5.6,86.0,57,Ourinhos,SP,Sudeste,-22.9789,-49.8706
2025-07-27T22:00,3.2,3.1,5.1,89.0,53,Ourinhos,SP,Sudeste,-22.9789,-49.8706
2025-07-27T23:00,2.8,2.6,4.3,94.0,52,Ourinhos,SP,Sudeste,-22.9789,-49.8706
2025-07-28T00:00,3.4,3.2,3.9,95.0,51,Ourinhos,SP,Sudeste,-22.9789,-49.8706
2025-07-28T01:00,4.3,4.0,4.1,89.0,50,Ourinhos,SP,Sudeste,-22.9789,-49.8706
2025-07-28T02:00,5.8,5.5,4.5,81.0,47,Ourinhos,SP,Sudeste,-22.9789,-49.8706
2025-07-28T03:00,7.4,7.0,4.9,73.0,44,Ourinhos,SP,Sudeste,-22.9789,-49.8706
2025-07-28T04:00,8.0,7.7,5.1,69.0,42,Ourinhos,SP,Sudeste,-22.9789,-49.8706
2025-07-28T05:00,8.6,8.3,5.2,66.0,41,Ourinhos,SP,Sudeste,-22.9789,-49.8706
2025-07-28T06:00,9.8,9.4,5.2,64.0,39,Ourinhos,SP,Sudeste,-22.9789,-49.8706
2025-07-28T07:00,11.4,10.9,5.1,64.0,38,Ourinhos,SP,Sudeste,-22.9789,-49.8706
2025-07-28T08:00,11.3,10.7,4.8,66.0,37,Ourinhos,SP,Sudeste,-22.9789,-49.8706
2025-07-28T09:00,7.8,7.4,4.2,67.0,37,Ourinhos,SP,Sudeste,-22.9789,-49.8706
2025-07-28T10:00,8.1,7.9,3.3,72.0,36,Ourinhos,SP,Sudeste,-22.9789,-49.8706
2025-07-28T11:00,7.3,7.1,2.0,80.0,36,Ourinhos,SP,Sudeste,-22.9789,-49.8706
2025-07-28T12:00,7.6,6.8,1.1,87.0,36,Ourinhos,SP,Sudeste,-22.9789,-49.8706
2025-07-28T13:00,8.1,6.9,0.8,93.0,35,Ourinhos,SP,Sudeste,-22.9789,-49.8706
2025-07-28T14:00,8.1,7.0,0.8,99.0,35,Ourinhos,SP,Sudeste,-22.9789,-49.8706
2025-07-28T15:00,7.7,6.8,1.1,102.0,36,Ourinhos,SP,Sudeste,-22.9789,-49.8706
2025-07-28T16:00,7.1,6.6,1.7,100.0,39,Ourinhos,SP,Sudeste,-22.9789,-49.8706
2025-07-28T17:00,6.7,6.4,2.5,94.0,41,Ourinhos,SP,Sudeste,-22.9789,-49.8706
2025-07-28T18:00,7.1,6.8,3.2,88.0,42,Ourinhos,SP,Sudeste,-22.9789,-49.8706
2025-07-28T19:00,7.5,7.3,3.5,81.0,43,Ourinhos,SP,Sudeste,-22.9789,-49.8706
2025-07-28T20:00,7.4,7.3,3.6,74.0,43,Ourinhos,SP,Sudeste,-22.9789,-49.8706
2025-07-28T21:00,6.0,6.0,3.6,71.0,42,Ourinhos,SP,Sudeste,-22.9789,-49.8706
2025-07-28T22:00,7.4,7.4,3.9,68.0,41,Ourinhos,SP,Sudeste,-22.9789,-49.8706
2025-07-28T23:00,8.9,8.9,4.2,63.0,39,Ourinhos,SP,Sudeste,-22.9789,-49.8706
2025-07-29T00:00,10.1,10.1,4.5,58.0,40,Ourinhos,SP,Sudeste,-22.9789,-49.8706
2025-07-29T01:00,11.1,11.1,4.6,53.0,42,Ourinhos,SP,Sudeste,-22.9789,-49.8706
2025-07-29T02:00,12.6,12.6,4.7,48.0,43,Ourinhos,SP,Sudeste,-22.9789,-49.8706
2025-07-29T03:00,13.3,13.3,4.9,43.0,45,Ourinhos,SP,Sudeste,-22.9789,-49.8706
2025-07-29T04:00,14.3,14.3,5.6,38.0,46,Ourinhos,SP,Sudeste,-22.9789,-49.8706
2025-07-29T05:00,16.1,16.0,6.5,34.0,48,Ourinhos,SP,Sudeste,-22.9789,-49.8706
2025-07-29T06:00,17.5,17.4,6.7,34.0,50,Ourinhos,SP,Sudeste,-22.9789,-49.8706
2025-07-29T07:00,17.9,17.8,5.7,39.0,51,Ourinhos,SP,Sudeste,-22.9789,-49.8706
2025-07-29T08:00,16.8,16.6,4.0,48.0,51,Ourinhos,SP,Sudeste,-22.9789,-49.8706
2025-07-29T09:00,7.9,7.8,2.7,57.0,52,Ourinhos,SP,Sudeste,-22.9789,-49.8706
2025-07-29T10:00,4.8,4.8,2.2,63.0,52,Ourinhos,SP,Sudeste,-22.9789,-49.8706
2025-07-29T11:00,3.9,3.8,1.4,71.0,51,Ourinhos,SP,Sudeste,-22.9789,-49.8706
2025-07-29T12:00,3.2,3.1,0.9,77.0,51,Ourinhos,SP,Sudeste,-22.9789,-49.8706
2025-07-29T13:00,2.7,2.6,0.5,81.0,51,Ourinhos,SP,Sudeste,-22.9789,-49.8706
2025-07-29T14:00,2.3,2.3,0.2,84.0,50,Ourinhos,SP,Sudeste,-22.9789,-49.8706
2025-07-29T15:00,2.2,2.2,0.8,84.0,50,Ourinhos,SP,Sudeste,-22.9789,-49.8706
2025-07-29T16:00,2.2,2.2,2.2,81.0,49,Ourinhos,SP,Sudeste,-22.9789,-49.8706
2025-07-29T17:00,3.0,2.9,4.5,75.0,48,Ourinhos,SP,Sudeste,-22.9789,-49.8706
2025-07-29T18:00,8.9,8.5,8.2,67.0,47,Ourinhos,SP,Sudeste,-22.9789,-49.8706
2025-07-29T19:00,17.3,16.9,14.6,57.0,48,Ourinhos,SP,Sudeste,-22.9789,-49.8706
2025-07-29T20:00,24.9,24.3,22.3,45.0,50,Ourinhos,SP,Sudeste,-22.9789,-49.8706
2025-07-29T21:00,31.3,30.9,28.3,35.0,51,Ourinhos,SP,Sudeste,-22.9789,-49.8706
2025-07-29T22:00,36.6,36.0,31.1,29.0,53,Ourinhos,SP,Sudeste,-22.9789,-49.8706
2025-07-29T23:00,40.4,39.8,32.0,26.0,56,Ourinhos,SP,Sudeste,-22.9789,-49.8706
2025-07-30T00:00,43.3,42.6,32.1,24.0,58,Ourinhos,SP,Sudeste,-22.9789,-49.8706
2025-07-30T01:00,45.6,44.9,31.7,22.0,61,Ourinhos,SP,Sudeste,-22.9789,-49.8706
2025-07-30T02:00,46.6,45.9,30.3,20.0,63,Ourinhos,SP,Sudeste,-22.9789,-49.8706
2025-07-30T03:00,43.2,42.6,27.7,21.0,66,Ourinhos,SP,Sudeste,-22.9789,-49.8706
2025-07-30T04:00,33.3,32.7,22.9,24.0,68,Ourinhos,SP,Sudeste,-22.9789,-49.8706
2025-07-30T05:00,24.2,23.7,16.8,30.0,70,Ourinhos,SP,Sudeste,-22.9789,-49.8706
2025-07-30T06:00,18.6,18.2,11.7,35.0,70,Ourinhos,SP,Sudeste,-22.9789,-49.8706
2025-07-30T07:00,15.9,15.5,8.5,39.0,70,Ourinhos,SP,Sudeste,-22.9789,-49.8706
2025-07-30T08:00,13.4,13.0,6.2,44.0,70,Ourinhos,SP,Sudeste,-22.9789,-49.8706
2025-07-30T09:00,6.3,6.0,3.7,53.0,70,Ourinhos,SP,Sudeste,-22.9789,-49.8706
2025-07-30T10:00,4.4,4.2,2.9,62.0,70,Ourinhos,SP,Sudeste,-22.9789,-49.8706
2025-07-30T11:00,2.8,2.6,1.7,74.0,70,Ourinhos,SP,Sudeste,-22.9789,-49.8706
2025-07-30T12:00,2.2,2.2,0.9,84.0,69,Ourinhos,SP,Sudeste,-22.9789,-49.8706
2025-07-30T13:00,2.2,2.1,0.4,89.0,69,Ourinhos,SP,Sudeste,-22.9789,-49.8706
2025-07-30T14:00,2.2,2.2,0.3,91.0,69,Ourinhos,SP,Sudeste,-22.9789,-49.8706
2025-07-30T15:00,2.3,2.3,0.9,90.0,69,Ourinhos,SP,Sudeste,-22.9789,-49.8706
2025-07-30T16:00,2.5,2.5,2.7,86.0,69,Ourinhos,SP,Sudeste,-22.9789,-49.8706
2025-07-30T17:00,3.4,3.4,5.3,80.0,69,Ourinhos,SP,Sudeste,-22.9789,-49.8706
2025-07-30T18:00,8.5,8.2,7.8,72.0,69,Ourinhos,SP,Sudeste,-22.9789,-49.8706
2025-07-30T19:00,14.7,14.1,10.6,63.0,69,Ourinhos,SP,Sudeste,-22.9789,-49.8706
2025-07-30T20:00,17.4,16.8,13.4,52.0,69,Ourinhos,SP,Sudeste,-22.9789,-49.8706
2025-07-30T21:00,10.7,10.2,9.1,57.0,69,Ourinhos,SP,Sudeste,-22.9789,-49.8706
2025-07-30T22:00,8.7,8.2,7.9,56.0,67,Ourinhos,SP,Sudeste,-22.9789,-49.8706
2025-07-30T23:00,7.2,6.7,6.2,56.0,65,Ourinhos,SP,Sudeste,-22.9789,-49.8706
2025-07-31T00:00,6.3,5.9,4.9,55.0,62,Ourinhos,SP,Sudeste,-22.9789,-49.8706
2025-07-31T01:00,6.0,5.6,4.2,55.0,59,Ourinhos,SP,Sudeste,-22.9789,-49.8706
2025-07-31T02:00,6.1,5.6,3.9,54.0,56,Ourinhos,SP,Sudeste,-22.9789,-49.8706
2025-07-31T03:00,6.3,5.8,3.7,54.0,53,Ourinhos,SP,Sudeste,-22.9789,-49.8706
2025-07-31T04:00,6.5,6.1,3.7,54.0,50,Ourinhos,SP,Sudeste,-22.9789,-49.8706
2025-07-31T05:00,6.7,6.1,3.9,54.0,44,Ourinhos,SP,Sudeste,-22.9789,-49.8706
2025-07-31T06:00,6.7,6.1,4.0,55.0,40,Ourinhos,SP,Sudeste,-22.9789,-49.8706
2025-07-31T07:00,6.7,6.2,3.9,56.0,37,Ourinhos,SP,Sudeste,-22.9789,-49.8706
2025-07-31T08:00,6.8,6.3,3.6,57.0,35,Ourinhos,SP,Sudeste,-22.9789,-49.8706
2025-07-31T09:00,5.6,5.0,3.1,62.0,34,Ourinhos,SP,Sudeste,-22.9789,-49.8706
2025-07-31T10:00,6.0,5.1,2.7,70.0,33,Ourinhos,SP,Sudeste,-22.9789,-49.8706
2025-07-31T11:00,6.3,5.4,2.2,82.0,34,Ourinhos,SP,Sudeste,-22.9789,-49.8706
2025-07-31T12:00,5.8,5.2,1.8,93.0,34,Ourinhos,SP,Sudeste,-22.9789,-49.8706
2025-07-31T13:00,5.2,5.0,1.4,103.0,35,Ourinhos,SP,Sudeste,-22.9789,-49.8706
2025-07-31T14:00,5.2,5.0,1.1,113.0,36,Ourinhos,SP,Sudeste,-22.9789,-49.8706
2025-07-31T15:00,5.3,5.3,1.4,118.0,37,Ourinhos,SP,Sudeste,-22.9789,-49.8706
2025-07-31T16:00,5.6,5.5,2.8,115.0,40,Ourinhos,SP,Sudeste,-22.9789,-49.8706
2025-07-31T17:00,6.7,6.7,4.9,107.0,44,Ourinhos,SP,Sudeste,-22.9789,-49.8706
2025-07-31T18:00,9.7,9.7,6.5,99.0,46,Ourinhos,SP,Sudeste,-22.9789,-49.8706
2025-07-31T19:00,12.5,12.5,7.4,91.0,48,Ourinhos,SP,Sudeste,-22.9789,-49.8706
2025-07-31T20:00,12.7,12.6,7.9,82.0,49,Ourinhos,SP,Sudeste,-22.9789,-49.8706
2025-07-31T21:00,6.8,6.8,6.9,83.0,48,Ourinhos,SP,Sudeste,-22.9789,-49.8706
2025-07-31T22:00,6.6,6.5,6.4,81.0,47,Ourinhos,SP,Sudeste,-22.9789,-49.8706
2025-07-31T23:00,6.4,6.3,5.7,79.0,45,Ourinhos,SP,Sudeste,-22.9789,-49.8706
2025-07-01T00:00,6.7,5.9,22.3,33.0,68,São Paulo,SP,Sudeste,-23.5505,-46.6333
2025-07-01T01:00,6.3,5.6,19.8,36.0,67,São Paulo,SP,Sudeste,-23.5505,-46.6333
2025-07-01T02:00,5.5,4.9,17.7,38.0,66,São Paulo,SP,Sudeste,-23.5505,-46.6333
2025-07-01T03:00,4.7,4.2,15.9,40.0,65,São Paulo,SP,Sudeste,-23.5505,-46.6333
2025-07-01T04:00,4.0,3.6,14.4,42.0,63,São Paulo,SP,Sudeste,-23.5505,-46.6333
2025-07-01T05:00,3.2,2.9,13.4,44.0,62,São Paulo,SP,Sudeste,-23.5505,-46.6333
2025-07-01T06:00,3.4,3.1,13.3,45.0,60,São Paulo,SP,Sudeste,-23.5505,-46.6333
2025-07-01T07:00,4.2,3.9,15.0,44.0,59,São Paulo,SP,Sudeste,-23.5505,-46.6333
2025-07-01T08:00,5.4,5.0,17.6,43.0,57,São Paulo,SP,Sudeste,-23.5505,-46.6333
2025-07-01T09:00,5.9,5.5,18.5,42.0,55,São Paulo,SP,Sudeste,-23.5505,-46.6333
2025-07-01T10:00,5.2,4.9,16.7,46.0,54,São Paulo,SP,Sudeste,-23.5505,-46.6333
2025-07-01T11:00,5.4,5.1,14.3,52.0,53,São Paulo,SP,Sudeste,-23.5505,-46.6333
2025-07-01T12:00,6.7,6.2,12.9,56.0,51,São Paulo,SP,Sudeste,-23.5505,-46.6333
2025-07-01T13:00,7.0,6.5,12.9,58.0,50,São Paulo,SP,Sudeste,-23.5505,-46.6333
2025-07-01T14:00,7.9,7.4,13.8,58.0,47,São Paulo,SP,Sudeste,-23.5505,-46.6333
2025-07-01T15:00,8.3,7.7,15.9,55.0,43,São Paulo,SP,Sudeste,-23.5505,-46.6333
2025-07-01T16:00,8.4,7.8,20.1,47.0,41,São Paulo,SP,Sudeste,-23.5505,-46.6333
2025-07-01T17:00,8.8,8.3,25.5,36.0,38,São Paulo,SP,Sudeste,-23.5505,-46.6333
2025-07-01T18:00,8.9,8.3,29.0,28.0,36,São Paulo,SP,Sudeste,-23.5505,-46.6333
2025-07-01T19:00,9.3,8.6,29.1,26.0,35,São Paulo,SP,Sudeste,-23.5505,-46.6333
2025-07-01T20:00,9.5,8.8,27.4,26.0,34,São Paulo,SP,Sudeste,-23.5505,-46.6333
2025-07-01T21:00,6.1,5.5,19.1,36.0,34,São Paulo,SP,Sudeste,-23.5505,-46.6333
2025-07-01T22:00,6.1,5.5,18.2,37.0,33,São Paulo,SP,Sudeste,-23.5505,-46.6333
2025-07-01T23:00,5.8,5.2,17.0,39.0,33,São Paulo,SP,Sudeste,-23.5505,-46.6333
2025-07-02T00:00,5.9,5.3,15.7,41.0,33,São Paulo,SP,Sudeste,-23.5505,-46.6333
2025-07-02T01:00,5.9,5.3,14.3,43.0,32,São Paulo,SP,Sudeste,-23.5505,-46.6333
2025-07-02T02:00,5.7,5.1,13.0,45.0,32,São Paulo,SP,Sudeste,-23.5505,-46.6333
2025-07-02T03:00,5.8,5.1,12.1,47.0,32,São Paulo,SP,Sudeste,-23.5505,-46.6333
2025-07-02T04:00,5.9,5.1,11.9,47.0,33,São Paulo,SP,Sudeste,-23.5505,-46.6333
2025-07-02T05:00,6.0,5.3,12.3,47.0,33,São Paulo,SP,Sudeste,-23.5505,-46.6333
2025-07-02T06:00,6.2,5.5,13.1,46.0,33,São Paulo,SP,Sudeste,-23.5505,-46.6333
2025-07-02T07:00,6.8,6.1,14.8,45.0,34,São Paulo,SP,Sudeste,-23.5505,-46.6333
2025-07-02T08:00,8.8,7.8,17.1,45.0,35,São Paulo,SP,Sudeste,-23.5505,-46.6333
2025-07-02T09:00,8.5,7.7,19.7,44.0,35,São Paulo,SP,Sudeste,-23.5505,-46.6333
2025-07-02T10:00,8.6,7.9,18.5,47.0,36,São Paulo,SP,Sudeste,-23.5505,-46.6333
2025-07-02T11:00,8.2,7.5,16.9,50.0,36,São Paulo,SP,Sudeste,-23.5505,-46.6333
2025-07-02T12:00,7.6,7.1,15.7,53.0,37,São Paulo,SP,Sudeste,-23.5505,-46.6333
2025-07-02T13:00,7.6,7.1,14.9,55.0,37,São Paulo,SP,Sudeste,-23.5505,-46.6333
2025-07-02T14:00,7.6,7.1,14.6,57.0,37,São Paulo,SP,Sudeste,-23.5505,-46.6333
2025-07-02T15:00,7.1,6.6,15.5,56.0,37,São Paulo,SP,Sudeste,-23.5505,-46.6333
2025-07-02T16:00,7.3,6.9,19.2,50.0,37,São Paulo,SP,Sudeste,-23.5505,-46.6333
2025-07-02T17:00,7.9,7.4,24.3,42.0,37,São Paulo,SP,Sudeste,-23.5505,-46.6333
2025-07-02T18:00,9.0,8.4,27.0,37.0,37,São Paulo,SP,Sudeste,-23.5505,-46.6333
2025-07-02T19:00,7.7,7.2,25.1,38.0,37,São Paulo,SP,Sudeste,-23.5505,-46.6333
2025-07-02T20:00,7.3,6.8,20.9,42.0,36,São Paulo,SP,Sudeste,-23.5505,-46.6333
2025-07-02T21:00,6.5,6.0,18.5,41.0,36,São Paulo,SP,Sudeste,-23.5505,-46.6333
2025-07-02T22:00,5.8,5.3,17.5,42.0,36,São Paulo,SP,Sudeste,-23.5505,-46.6333
2025-07-02T23:00,6.2,5.6,16.0,42.0,36,São Paulo,SP,Sudeste,-23.5505,-46.6333
2025-07-03T00:00,6.1,5.4,14.7,43.0,36,São Paulo,SP,Sudeste,-23.5505,-46.6333
2025-07-03T01:00,5.3,4.7,13.7,43.0,36,São Paulo,SP,Sudeste,-23.5505,-46.6333
2025-07-03T02:00,5.7,5.0,12.9,43.0,36,São Paulo,SP,Sudeste,-23.5505,-46.6333
2025-07-03T03:00,5.9,5.2,12.6,42.0,36,São Paulo,SP,Sudeste,-23.5505,-46.6333
2025-07-03T04:00,6.0,5.2,13.0,41.0,36,São Paulo,SP,Sudeste,-23.5505,-46.6333
2025-07-03T05:00,6.0,5.3,14.0,39.0,36,São Paulo,SP,Sudeste,-23.5505,-46.6333
2025-07-03T06:00,6.2,5.4,14.9,39.0,36,São Paulo,SP,Sudeste,-23.5505,-46.6333
2025-07-03T07:00,6.7,6.0,15.9,40.0,36,São Paulo,SP,Sudeste,-23.5505,-46.6333
2025-07-03T08:00,6.2,5.9,16.9,42.0,36,São Paulo,SP,Sudeste,-23.5505,-46.6333
2025-07-03T09:00,5.1,4.8,18.5,42.0,35,São Paulo,SP,Sudeste,-23.5505,-46.6333
2025-07-03T10:00,4.9,4.7,16.8,46.0,35,São Paulo,SP,Sudeste,-23.5505,-46.6333
2025-07-03T11:00,5.6,5.4,14.5,52.0,34,São Paulo,SP,Sudeste,-23.5505,-46.6333
2025-07-03T12:00,6.3,6.1,13.4,55.0,33,São Paulo,SP,Sudeste,-23.5505,-46.6333
2025-07-03T13:00,8.3,8.0,14.2,53.0,33,São Paulo,SP,Sudeste,-23.5505,-46.6333
2025-07-03T14:00,9.2,8.7,16.2,49.0,33,São Paulo,SP,Sudeste,-23.5505,-46.6333
2025-07-03T15:00,8.9,8.4,18.9,43.0,34,São Paulo,SP,Sudeste,-23.5505,-46.6333
2025-07-03T16:00,8.5,8.1,23.2,36.0,34,São Paulo,SP,Sudeste,-23.5505,-46.6333
2025-07-03T17:00,9.5,9.3,28.3,28.0,34,São Paulo,SP,Sudeste,-23.5505,-46.6333
2025-07-03T18:00,10.9,10.7,31.2,23.0,35,São Paulo,SP,Sudeste,-23.5505,-46.6333
2025-07-03T19:00,9.1,8.8,29.9,23.0,35,São Paulo,SP,Sudeste,-23.5505,-46.6333
2025-07-03T20:00,8.1,7.8,26.4,26.0,36,São Paulo,SP,Sudeste,-23.5505,-46.6333
2025-07-03T21:00,8.0,7.6,24.8,26.0,36,São Paulo,SP,Sudeste,-23.5505,-46.6333
2025-07-03T22:00,8.1,7.6,23.9,27.0,36,São Paulo,SP,Sudeste,-23.5505,-46.6333
2025-07-03T23:00,8.4,7.8,22.5,27.0,37,São Paulo,SP,Sudeste,-23.5505,-46.6333
2025-07-04T00:00,8.4,7.8,21.2,28.0,37,São Paulo,SP,Sudeste,-23.5505,-46.6333
2025-07-04T01:00,8.1,7.6,19.8,28.0,38,São Paulo,SP,Sudeste,-23.5505,-46.6333
2025-07-04T02:00,8.3,7.7,18.5,28.0,39,São Paulo,SP,Sudeste,-23.5505,-46.6333
2025-07-04T03:00,8.2,7.6,18.0,27.0,39,São Paulo,SP,Sudeste,-23.5505,-46.6333
2025-07-04T04:00,7.9,7.3,19.0,23.0,40,São Paulo,SP,Sudeste,-23.5505,-46.6333
2025-07-04T05:00,7.9,7.3,20.9,19.0,40,São Paulo,SP,Sudeste,-23.5505,-46.6333
2025-07-04T06:00,9.0,8.4,22.7,17.0,41,São Paulo,SP,Sudeste,-23.5505,-46.6333
2025-07-04T07:00,11.2,10.5,24.7,18.0,42,São Paulo,SP,Sudeste,-23.5505,-46.6333
2025-07-04T08:00,12.3,11.6,26.5,22.0,43,São Paulo,SP,Sudeste,-23.5505,-46.6333
2025-07-04T09:00,11.8,11.4,24.2,38.0,44,São Paulo,SP,Sudeste,-23.5505,-46.6333
2025-07-04T10:00,9.7,9.1,20.2,50.0,45,São Paulo,SP,Sudeste,-23.5505,-46.6333
2025-07-04T11:00,8.8,8.1,14.6,68.0,46,São Paulo,SP,Sudeste,-23.5505,-46.6333
2025-07-04T12:00,8.0,7.5,10.4,81.0,47,São Paulo,SP,Sudeste,-23.5505,-46.6333
2025-07-04T13:00,7.7,7.2,7.9,88.0,47,São Paulo,SP,Sudeste,-23.5505,-46.6333
2025-07-04T14:00,8.1,7.5,6.9,92.0,47,São Paulo,SP,Sudeste,-23.5505,-46.6333
2025-07-04T15:00,8.7,8.0,9.0,89.0,47,São Paulo,SP,Sudeste,-23.5505,-46.6333
2025-07-04T16:00,9.9,8.9,16.5,75.0,47,São Paulo,SP,Sudeste,-23.5505,-46.6333
2025-07-04T17:00,10.7,9.8,27.3,55.0,47,São Paulo,SP,Sudeste,-23.5505,-46.6333
2025-07-04T18:00,14.2,13.2,36.6,37.0,47,São Paulo,SP,Sudeste,-23.5505,-46.6333
2025-07-04T19:00,18.3,17.2,43.1,24.0,48,São Paulo,SP,Sudeste,-23.5505,-46.6333
2025-07-04T20:00,22.1,21.0,48.1,14.0,50,São Paulo,SP,Sudeste,-23.5505,-46.6333
2025-07-04T21:00,20.2,19.0,46.5,10.0,51,São Paulo,SP,Sudeste,-23.5505,-46.6333
2025-07-04T22:00,20.0,18.9,44.7,11.0,52,São Paulo,SP,Sudeste,-23.5505,-46.6333
2025-07-04T23:00,20.2,19.1,42.1,13.0,53,São Paulo,SP,Sudeste,-23.5505,-46.6333
2025-07-05T00:00,20.1,19.1,39.7,15.0,54,São Paulo,SP,Sudeste,-23.5505,-46.6333
2025-07-05T01:00,20.9,20.0,37.6,16.0,54,São Paulo,SP,Sudeste,-23.5505,-46.6333
2025-07-05T02:00,21.6,20.8,35.8,18.0,55,São Paulo,SP,Sudeste,-23.5505,-46.6333
2025-07-05T03:00,21.5,20.7,34.7,18.0,56,São Paulo,SP,Sudeste,-23.5505,-46.6333
2025-07-05T04:00,22.1,21.5,35.2,15.0,58,São Paulo,SP,Sudeste,-23.5505,-46.6333
2025-07-05T05:00,22.5,21.7,36.5,11.0,59,São Paulo,SP,Sudeste,-23.5505,-46.6333
2025-07-05T06:00,23.8,23.3,36.8,12.0,60,São Paulo,SP,Sudeste,-23.5505,-46.6333
2025-07-05T07:00,27.8,27.3,35.6,19.0,61,São Paulo,SP,Sudeste,-23.5505,-46.6333
2025-07-05T08:00,27.6,27.1,33.4,31.0,62,São Paulo,SP,Sudeste,-23.5505,-46.6333
2025-07-05T09:00,28.2,27.7,30.7,49.0,63,São Paulo,SP,Sudeste,-23.5505,-46.6333
2025-07-05T10:00,29.0,28.6,25.4,73.0,65,São Paulo,SP,Sudeste,-23.5505,-46.6333
2025-07-05T11:00,26.7,26.3,18.0,106.0,66,São Paulo,SP,Sudeste,-23.5505,-46.6333
2025-07-05T12:00,22.6,22.2,12.3,132.0,68,São Paulo,SP,Sudeste,-23.5505,-46.6333
2025-07-05T13:00,18.4,18.2,8.2,147.0,69,São Paulo,SP,Sudeste,-23.5505,-46.6333
2025-07-05T14:00,16.6,16.4,5.7,156.0,70,São Paulo,SP,Sudeste,-23.5505,-46.6333
2025-07-05T15:00,16.7,16.5,8.5,152.0,70,São Paulo,SP,Sudeste,-23.5505,-46.6333
2025-07-05T16:00,16.4,16.1,20.2,129.0,71,São Paulo,SP,Sudeste,-23.5505,-46.6333
2025-07-05T17:00,19.6,19.2,37.2,94.0,72,São Paulo,SP,Sudeste,-23.5505,-46.6333
2025-07-05T18:00,28.9,28.5,52.8,62.0,77,São Paulo,SP,Sudeste,-23.5505,-46.6333
2025-07-05T19:00,36.4,35.7,65.7,39.0,75,São Paulo,SP,Sudeste,-23.5505,-46.6333
2025-07-05T20:00,42.7,42.1,77.1,19.0,75,São Paulo,SP,Sudeste,-23.5505,-46.6333
2025-07-05T21:00,54.2,52.5,83.3,2.0,77,São Paulo,SP,Sudeste,-23.5505,-46.6333
2025-07-05T22:00,61.2,59.1,82.3,1.0,79,São Paulo,SP,Sudeste,-23.5505,-46.6333
2025-07-05T23:00,62.6,60.3,80.7,0.0,83,São Paulo,SP,Sudeste,-23.5505,-46.6333
2025-07-06T00:00,65.0,62.9,78.5,0.0,86,São Paulo,SP,Sudeste,-23.5505,-46.6333
2025-07-06T01:00,65.7,64.0,75.6,1.0,89,São Paulo,SP,Sudeste,-23.5505,-46.6333
2025-07-06T02:00,64.3,62.9,72.1,2.0,93,São Paulo,SP,Sudeste,-23.5505,-46.6333
2025-07-06T03:00,62.9,61.9,68.4,4.0,96,São Paulo,SP,Sudeste,-23.5505,-46.6333
2025-07-06T04:00,61.9,61.2,64.0,5.0,99,São Paulo,SP,Sudeste,-23.5505,-46.6333
2025-07-06T05:00,59.4,58.7,59.3,6.0,103,São Paulo,SP,Sudeste,-23.5505,-46.6333
2025-07-06T06:00,58.2,57.5,55.9,12.0,107,São Paulo,SP,Sudeste,-23.5505,-46.6333
2025-07-06T07:00,59.6,59.1,56.4,26.0,111,São Paulo,SP,Sudeste,-23.5505,-46.6333
2025-07-06T08:00,61.5,61.0,58.3,44.0,114,São Paulo,SP,Sudeste,-23.5505,-46.6333
2025-07-06T09:00,62.2,61.9,56.4,56.0,117,São Paulo,SP,Sudeste,-23.5505,-46.6333
2025-07-06T10:00,28.3,27.6,42.2,74.0,121,São Paulo,SP,Sudeste,-23.5505,-46.6333
2025-07-06T11:00,21.0,20.2,22.6,98.0,121,São Paulo,SP,Sudeste,-23.5505,-46.6333
2025-07-06T12:00,17.8,16.9,8.2,116.0,120,São Paulo,SP,Sudeste,-23.5505,-46.6333
2025-07-06T13:00,15.5,14.7,3.2,123.0,120,São Paulo,SP,Sudeste,-23.5505,-46.6333
2025-07-06T14:00,14.2,13.5,3.5,122.0,119,São Paulo,SP,Sudeste,-23.5505,-46.6333
2025-07-06T15:00,13.4,12.7,6.5,115.0,119,São Paulo,SP,Sudeste,-23.5505,-46.6333
2025-07-06T16:00,12.8,11.8,13.4,96.0,119,São Paulo,SP,Sudeste,-23.5505,-46.6333
2025-07-06T17:00,14.2,12.8,23.1,70.0,118,São Paulo,SP,Sudeste,-23.5505,-46.6333
2025-07-06T18:00,16.3,15.1,30.3,50.0,117,São Paulo,SP,Sudeste,-23.5505,-46.6333
2025-07-06T19:00,17.7,16.5,32.7,40.0,116,São Paulo,SP,Sudeste,-23.5505,-46.6333
2025-07-06T20:00,19.4,17.5,32.5,36.0,114,São Paulo,SP,Sudeste,-23.5505,-46.6333
2025-07-06T21:00,22.4,21.1,43.6,16.0,111,São Paulo,SP,Sudeste,-23.5505,-46.6333
2025-07-06T22:00,22.0,20.3,37.9,24.0,108,São Paulo,SP,Sudeste,-23.5505,-46.6333
2025-07-06T23:00,19.6,17.6,29.9,35.0,104,São Paulo,SP,Sudeste,-23.5505,-46.6333
2025-07-07T00:00,19.3,17.4,23.3,44.0,100,São Paulo,SP,Sudeste,-23.5505,-46.6333
2025-07-07T01:00,18.9,16.8,19.2,50.0,96,São Paulo,SP,Sudeste,-23.5505,-46.6333
2025-07-07T02:00,17.6,15.7,16.5,54.0,93,São Paulo,SP,Sudeste,-23.5505,-46.6333
2025-07-07T03:00,17.3,15.1,15.0,56.0,89,São Paulo,SP,Sudeste,-23.5505,-46.6333
2025-07-07T04:00,16.6,14.5,15.1,55.0,85,São Paulo,SP,Sudeste,-23.5505,-46.6333
2025-07-07T05:00,17.3,14.9,16.4,51.0,81,São Paulo,SP,Sudeste,-23.5505,-46.6333
2025-07-07T06:00,17.7,15.4,17.8,50.0,78,São Paulo,SP,Sudeste,-23.5505,-46.6333
2025-07-07T07:00,20.0,17.5,19.5,50.0,75,São Paulo,SP,Sudeste,-23.5505,-46.6333
2025-07-07T08:00,20.2,17.3,21.4,52.0,71,São Paulo,SP,Sudeste,-23.5505,-46.6333
2025-07-07T09:00,16.7,14.9,20.7,60.0,68,São Paulo,SP,Sudeste,-23.5505,-46.6333
2025-07-07T10:00,16.5,15.3,17.9,77.0,64,São Paulo,SP,Sudeste,-23.5505,-46.6333
2025-07-07T11:00,17.0,15.9,14.0,101.0,63,São Paulo,SP,Sudeste,-23.5505,-46.6333
2025-07-07T12:00,18.3,17.5,11.0,123.0,63,São Paulo,SP,Sudeste,-23.5505,-46.6333
2025-07-07T13:00,19.6,18.8,8.4,144.0,63,São Paulo,SP,Sudeste,-23.5505,-46.6333
2025-07-07T14:00,20.0,19.2,6.7,164.0,63,São Paulo,SP,Sudeste,-23.5505,-46.6333
2025-07-07T15:00,20.1,19.3,9.2,168.0,64,São Paulo,SP,Sudeste,-23.5505,-46.6333
2025-07-07T16:00,20.8,19.8,19.6,147.0,64,São Paulo,SP,Sudeste,-23.5505,-46.6333
2025-07-07T17:00,22.2,21.2,34.3,111.0,76,São Paulo,SP,Sudeste,-23.5505,-46.6333
2025-07-07T18:00,28.0,27.0,45.6,79.0,87,São Paulo,SP,Sudeste,-23.5505,-46.6333
2025-07-07T19:00,26.6,24.9,49.9,56.0,87,São Paulo,SP,Sudeste,-23.5505,-46.6333
2025-07-07T20:00,29.3,27.3,50.8,37.0,78,São Paulo,SP,Sudeste,-23.5505,-46.6333
2025-07-07T21:00,32.8,30.6,53.7,21.0,68,São Paulo,SP,Sudeste,-23.5505,-46.6333
2025-07-07T22:00,34.8,32.2,54.3,17.0,69,São Paulo,SP,Sudeste,-23.5505,-46.6333
2025-07-07T23:00,38.3,36.1,55.1,12.0,70,São Paulo,SP,Sudeste,-23.5505,-46.6333
2025-07-08T00:00,41.3,39.6,55.9,7.0,71,São Paulo,SP,Sudeste,-23.5505,-46.6333
2025-07-08T01:00,43.9,42.4,56.9,4.0,73,São Paulo,SP,Sudeste,-23.5505,-46.6333
2025-07-08T02:00,45.6,44.2,58.0,1.0,75,São Paulo,SP,Sudeste,-23.5505,-46.6333
2025-07-08T03:00,45.8,44.6,58.5,0.0,77,São Paulo,SP,Sudeste,-23.5505,-46.6333
2025-07-08T04:00,45.3,44.1,58.0,0.0,79,São Paulo,SP,Sudeste,-23.5505,-46.6333
2025-07-08T05:00,44.5,43.4,56.8,0.0,82,São Paulo,SP,Sudeste,-23.5505,-46.6333
2025-07-08T06:00,43.8,43.0,55.8,3.0,84,São Paulo,SP,Sudeste,-23.5505,-46.6333
2025-07-08T07:00,46.1,45.5,56.5,15.0,86,São Paulo,SP,Sudeste,-23.5505,-46.6333
2025-07-08T08:00,51.0,50.5,57.3,33.0,88,São Paulo,SP,Sudeste,-23.5505,-46.6333
2025-07-08T09:00,63.3,62.9,54.6,49.0,91,São Paulo,SP,Sudeste,-23.5505,-46.6333
2025-07-08T10:00,61.5,61.0,42.4,86.0,95,São Paulo,SP,Sudeste,-23.5505,-46.6333
2025-07-08T11:00,41.1,40.9,25.6,137.0,98,São Paulo,SP,Sudeste,-23.5505,-46.6333
2025-07-08T12:00,27.0,26.8,12.7,173.0,100,São Paulo,SP,Sudeste,-23.5505,-46.6333
2025-07-08T13:00,20.1,20.0,5.7,183.0,101,São Paulo,SP,Sudeste,-23.5505,-46.6333
2025-07-08T14:00,17.6,17.5,2.8,177.0,102,São Paulo,SP,Sudeste,-23.5505,-46.6333
2025-07-08T15:00,16.5,16.4,6.7,161.0,101,São Paulo,SP,Sudeste,-23.5505,-46.6333
2025-07-08T16:00,16.8,16.6,21.7,131.0,101,São Paulo,SP,Sudeste,-23.5505,-46.6333
2025-07-08T17:00,21.5,21.4,43.6,90.0,101,São Paulo,SP,Sudeste,-23.5505,-46.6333
2025-07-08T18:00,33.5,33.3,62.9,55.0,109,São Paulo,SP,Sudeste,-23.5505,-46.6333
2025-07-08T19:00,44.4,44.1,77.2,32.0,102,São Paulo,SP,Sudeste,-23.5505,-46.6333
2025-07-08T20:00,51.9,51.6,88.8,16.0,103,São Paulo,SP,Sudeste,-23.5505,-46.6333
2025-07-08T21:00,47.7,47.4,80.0,7.0,106,São Paulo,SP,Sudeste,-23.5505,-46.6333
2025-07-08T22:00,52.4,51.9,76.6,8.0,108,São Paulo,SP,Sudeste,-23.5505,-46.6333
2025-07-08T23:00,54.4,53.9,71.6,9.0,110,São Paulo,SP,Sudeste,-23.5505,-46.6333
2025-07-09T00:00,52.4,51.9,65.5,12.0,112,São Paulo,SP,Sudeste,-23.5505,-46.6333
2025-07-09T01:00,48.2,47.7,57.5,18.0,113,São Paulo,SP,Sudeste,-23.5505,-46.6333
2025-07-09T02:00,45.2,44.7,48.4,25.0,113,São Paulo,SP,Sudeste,-23.5505,-46.6333
2025-07-09T03:00,43.2,42.7,41.4,30.0,113,São Paulo,SP,Sudeste,-23.5505,-46.6333
2025-07-09T04:00,41.3,40.9,38.4,30.0,113,São Paulo,SP,Sudeste,-23.5505,-46.6333
2025-07-09T05:00,39.9,39.5,37.6,27.0,113,São Paulo,SP,Sudeste,-23.5505,-46.6333
2025-07-09T06:00,40.3,39.9,36.2,30.0,113,São Paulo,SP,Sudeste,-23.5505,-46.6333
2025-07-09T07:00,43.0,42.5,33.5,41.0,112,São Paulo,SP,Sudeste,-23.5505,-46.6333
2025-07-09T08:00,41.2,40.7,30.3,57.0,112,São Paulo,SP,Sudeste,-23.5505,-46.6333
2025-07-09T09:00,31.7,31.0,27.5,73.0,111,São Paulo,SP,Sudeste,-23.5505,-46.6333
2025-07-09T10:00,20.5,19.3,21.6,86.0,108,São Paulo,SP,Sudeste,-23.5505,-46.6333
2025-07-09T11:00,16.4,14.7,13.6,104.0,103,São Paulo,SP,Sudeste,-23.5505,-46.6333
2025-07-09T12:00,15.1,13.5,7.7,119.0,100,São Paulo,SP,Sudeste,-23.5505,-46.6333
2025-07-09T13:00,14.8,13.1,5.4,129.0,99,São Paulo,SP,Sudeste,-23.5505,-46.6333
2025-07-09T14:00,15.5,13.7,5.3,135.0,99,São Paulo,SP,Sudeste,-23.5505,-46.6333
2025-07-09T15:00,15.9,14.0,7.6,132.0,98,São Paulo,SP,Sudeste,-23.5505,-46.6333
2025-07-09T16:00,16.0,14.1,13.4,115.0,98,São Paulo,SP,Sudeste,-23.5505,-46.6333
2025-07-09T17:00,15.9,14.1,21.6,89.0,98,São Paulo,SP,Sudeste,-23.5505,-46.6333
2025-07-09T18:00,17.4,15.7,29.5,65.0,98,São Paulo,SP,Sudeste,-23.5505,-46.6333
2025-07-09T19:00,18.7,16.9,37.3,44.0,96,São Paulo,SP,Sudeste,-23.5505,-46.6333
2025-07-09T20:00,22.4,20.3,44.7,26.0,94,São Paulo,SP,Sudeste,-23.5505,-46.6333
2025-07-09T21:00,25.6,23.1,47.4,16.0,92,São Paulo,SP,Sudeste,-23.5505,-46.6333
2025-07-09T22:00,25.9,22.9,43.5,20.0,90,São Paulo,SP,Sudeste,-23.5505,-46.6333
2025-07-09T23:00,25.5,22.1,38.0,25.0,87,São Paulo,SP,Sudeste,-23.5505,-46.6333
2025-07-10T00:00,26.1,22.7,33.7,29.0,85,São Paulo,SP,Sudeste,-23.5505,-46.6333
2025-07-10T01:00,26.4,22.9,31.6,30.0,83,São Paulo,SP,Sudeste,-23.5505,-46.6333
2025-07-10T02:00,27.4,24.0,30.7,29.0,81,São Paulo,SP,Sudeste,-23.5505,-46.6333
2025-07-10T03:00,28.0,25.0,30.1,28.0,79,São Paulo,SP,Sudeste,-23.5505,-46.6333
2025-07-10T04:00,28.3,25.5,29.8,28.0,78,São Paulo,SP,Sudeste,-23.5505,-46.6333
2025-07-10T05:00,28.2,25.8,29.8,28.0,76,São Paulo,SP,Sudeste,-23.5505,-46.6333
2025-07-10T06:00,28.8,26.7,29.5,31.0,75,São Paulo,SP,Sudeste,-23.5505,-46.6333
2025-07-10T07:00,31.5,29.7,29.2,36.0,74,São Paulo,SP,Sudeste,-23.5505,-46.6333
2025-07-10T08:00,27.2,25.6,28.7,43.0,73,São Paulo,SP,Sudeste,-23.5505,-46.6333
2025-07-10T09:00,20.5,18.7,22.9,61.0,72,São Paulo,SP,Sudeste,-23.5505,-46.6333
2025-07-10T10:00,19.1,18.3,18.9,82.0,71,São Paulo,SP,Sudeste,-23.5505,-46.6333
2025-07-10T11:00,19.6,19.1,13.5,112.0,71,São Paulo,SP,Sudeste,-23.5505,-46.6333
2025-07-10T12:00,19.2,18.8,9.6,133.0,71,São Paulo,SP,Sudeste,-23.5505,-46.6333
2025-07-10T13:00,16.9,16.7,8.0,141.0,72,São Paulo,SP,Sudeste,-23.5505,-46.6333
2025-07-10T14:00,17.9,17.6,7.9,142.0,72,São Paulo,SP,Sudeste,-23.5505,-46.6333
2025-07-10T15:00,19.3,18.8,10.6,135.0,72,São Paulo,SP,Sudeste,-23.5505,-46.6333
2025-07-10T16:00,20.7,19.9,17.8,117.0,73,São Paulo,SP,Sudeste,-23.5505,-46.6333
2025-07-10T17:00,23.4,22.2,27.7,91.0,73,São Paulo,SP,Sudeste,-23.5505,-46.6333
2025-07-10T18:00,25.0,24.0,36.2,67.0,74,São Paulo,SP,Sudeste,-23.5505,-46.6333
2025-07-10T19:00,28.9,28.1,42.2,47.0,74,São Paulo,SP,Sudeste,-23.5505,-46.6333
2025-07-10T20:00,30.9,30.2,46.8,29.0,75,São Paulo,SP,Sudeste,-23.5505,-46.6333
2025-07-10T21:00,29.6,28.9,49.2,16.0,76,São Paulo,SP,Sudeste,-23.5505,-46.6333
2025-07-10T22:00,29.3,28.2,48.0,15.0,77,São Paulo,SP,Sudeste,-23.5505,-46.6333
2025-07-10T23:00,28.3,27.0,46.3,15.0,77,São Paulo,SP,Sudeste,-23.5505,-46.6333
2025-07-11T00:00,28.8,27.6,44.4,15.0,77,São Paulo,SP,Sudeste,-23.5505,-46.6333
2025-07-11T01:00,27.5,26.3,41.9,18.0,78,São Paulo,SP,Sudeste,-23.5505,-46.6333
2025-07-11T02:00,28.5,27.2,39.1,21.0,78,São Paulo,SP,Sudeste,-23.5505,-46.6333
2025-07-11T03:00,30.0,28.8,37.5,23.0,78,São Paulo,SP,Sudeste,-23.5505,-46.6333
2025-07-11T04:00,31.3,30.3,37.9,19.0,79,São Paulo,SP,Sudeste,-23.5505,-46.6333
2025-07-11T05:00,31.5,30.7,39.5,13.0,79,São Paulo,SP,Sudeste,-23.5505,-46.6333
2025-07-11T06:00,32.7,32.0,40.5,14.0,79,São Paulo,SP,Sudeste,-23.5505,-46.6333
2025-07-11T07:00,37.8,37.3,41.2,24.0,80,São Paulo,SP,Sudeste,-23.5505,-46.6333
2025-07-11T08:00,42.1,41.7,41.4,40.0,80,São Paulo,SP,Sudeste,-23.5505,-46.6333
2025-07-11T09:00,37.0,36.7,38.4,56.0,82,São Paulo,SP,Sudeste,-23.5505,-46.6333
2025-07-11T10:00,37.5,37.4,31.7,84.0,83,São Paulo,SP,Sudeste,-23.5505,-46.6333
2025-07-11T11:00,33.1,32.9,22.5,123.0,85,São Paulo,SP,Sudeste,-23.5505,-46.6333
2025-07-11T12:00,27.8,27.6,15.2,152.0,86,São Paulo,SP,Sudeste,-23.5505,-46.6333
2025-07-11T13:00,22.6,22.5,10.5,162.0,86,São Paulo,SP,Sudeste,-23.5505,-46.6333
2025-07-11T14:00,20.1,19.9,7.8,162.0,87,São Paulo,SP,Sudeste,-23.5505,-46.6333
2025-07-11T15:00,19.4,19.2,9.8,153.0,87,São Paulo,SP,Sudeste,-23.5505,-46.6333
2025-07-11T16:00,19.9,19.6,20.3,133.0,87,São Paulo,SP,Sudeste,-23.5505,-46.6333
2025-07-11T17:00,23.8,23.5,35.5,104.0,87,São Paulo,SP,Sudeste,-23.5505,-46.6333
2025-07-11T18:00,32.1,31.8,47.3,80.0,95,São Paulo,SP,Sudeste,-23.5505,-46.6333
2025-07-11T19:00,38.4,38.1,52.3,64.0,94,São Paulo,SP,Sudeste,-23.5505,-46.6333
2025-07-11T20:00,46.4,46.1,53.8,53.0,88,São Paulo,SP,Sudeste,-23.5505,-46.6333
2025-07-11T21:00,45.1,44.6,45.7,56.0,90,São Paulo,SP,Sudeste,-23.5505,-46.6333
2025-07-11T22:00,42.4,41.9,44.1,54.0,91,São Paulo,SP,Sudeste,-23.5505,-46.6333
2025-07-11T23:00,46.0,45.6,41.9,50.0,92,São Paulo,SP,Sudeste,-23.5505,-46.6333
2025-07-12T00:00,51.0,50.8,40.6,46.0,93,São Paulo,SP,Sudeste,-23.5505,-46.6333
2025-07-12T01:00,55.5,55.3,40.8,41.0,95,São Paulo,SP,Sudeste,-23.5505,-46.6333
2025-07-12T02:00,57.7,57.4,41.9,36.0,98,São Paulo,SP,Sudeste,-23.5505,-46.6333
2025-07-12T03:00,56.8,56.6,42.8,31.0,100,São Paulo,SP,Sudeste,-23.5505,-46.6333
2025-07-12T04:00,54.1,53.9,43.3,27.0,103,São Paulo,SP,Sudeste,-23.5505,-46.6333
2025-07-12T05:00,51.9,51.7,43.6,23.0,105,São Paulo,SP,Sudeste,-23.5505,-46.6333
2025-07-12T06:00,52.2,51.9,43.7,25.0,108,São Paulo,SP,Sudeste,-23.5505,-46.6333
2025-07-12T07:00,57.4,57.2,44.7,33.0,110,São Paulo,SP,Sudeste,-23.5505,-46.6333
2025-07-12T08:00,58.2,57.9,45.4,46.0,112,São Paulo,SP,Sudeste,-23.5505,-46.6333
2025-07-12T09:00,48.2,48.0,38.9,79.0,113,São Paulo,SP,Sudeste,-23.5505,-46.6333
2025-07-12T10:00,48.1,47.7,31.2,103.0,115,São Paulo,SP,Sudeste,-23.5505,-46.6333
2025-07-12T11:00,40.0,39.6,20.5,137.0,116,São Paulo,SP,Sudeste,-23.5505,-46.6333
2025-07-12T12:00,30.6,30.0,12.5,159.0,116,São Paulo,SP,Sudeste,-23.5505,-46.6333
2025-07-12T13:00,23.5,22.8,8.7,162.0,117,São Paulo,SP,Sudeste,-23.5505,-46.6333
2025-07-12T14:00,22.3,21.7,7.7,154.0,117,São Paulo,SP,Sudeste,-23.5505,-46.6333
2025-07-12T15:00,23.1,22.5,10.2,142.0,117,São Paulo,SP,Sudeste,-23.5505,-46.6333
2025-07-12T16:00,24.4,23.7,18.6,125.0,117,São Paulo,SP,Sudeste,-23.5505,-46.6333
2025-07-12T17:00,27.7,27.1,30.6,104.0,118,São Paulo,SP,Sudeste,-23.5505,-46.6333
2025-07-12T18:00,31.9,31.4,40.5,84.0,118,São Paulo,SP,Sudeste,-23.5505,-46.6333
2025-07-12T19:00,39.2,38.8,46.6,66.0,118,São Paulo,SP,Sudeste,-23.5505,-46.6333
2025-07-12T20:00,43.5,43.1,50.7,48.0,118,São Paulo,SP,Sudeste,-23.5505,-46.6333
2025-07-12T21:00,43.0,42.3,49.9,35.0,118,São Paulo,SP,Sudeste,-23.5505,-46.6333
2025-07-12T22:00,41.4,40.6,47.0,38.0,117,São Paulo,SP,Sudeste,-23.5505,-46.6333
2025-07-12T23:00,39.7,38.9,43.0,41.0,117,São Paulo,SP,Sudeste,-23.5505,-46.6333
2025-07-13T00:00,39.9,39.2,39.5,44.0,117,São Paulo,SP,Sudeste,-23.5505,-46.6333
2025-07-13T01:00,40.9,40.0,37.1,44.0,115,São Paulo,SP,Sudeste,-23.5505,-46.6333
2025-07-13T02:00,41.4,40.6,35.1,43.0,114,São Paulo,SP,Sudeste,-23.5505,-46.6333
2025-07-13T03:00,42.3,41.4,33.6,43.0,112,São Paulo,SP,Sudeste,-23.5505,-46.6333
2025-07-13T04:00,42.6,41.7,32.4,45.0,110,São Paulo,SP,Sudeste,-23.5505,-46.6333
2025-07-13T05:00,42.3,41.2,31.6,48.0,109,São Paulo,SP,Sudeste,-23.5505,-46.6333
2025-07-13T06:00,42.5,41.4,31.3,53.0,108,São Paulo,SP,Sudeste,-23.5505,-46.6333
2025-07-13T07:00,45.3,44.4,32.4,58.0,107,São Paulo,SP,Sudeste,-23.5505,-46.6333
2025-07-13T08:00,47.5,46.7,34.0,65.0,106,São Paulo,SP,Sudeste,-23.5505,-46.6333
2025-07-13T09:00,30.5,30.2,27.9,73.0,104,São Paulo,SP,Sudeste,-23.5505,-46.6333
2025-07-13T10:00,25.9,25.7,22.3,92.0,103,São Paulo,SP,Sudeste,-23.5505,-46.6333
2025-07-13T11:00,18.1,18.0,14.6,119.0,100,São Paulo,SP,Sudeste,-23.5505,-46.6333
2025-07-13T12:00,11.8,11.7,8.8,138.0,99,São Paulo,SP,Sudeste,-23.5505,-46.6333
2025-07-13T13:00,10.9,10.7,5.8,145.0,97,São Paulo,SP,Sudeste,-23.5505,-46.6333
2025-07-13T14:00,10.9,10.7,4.7,144.0,96,São Paulo,SP,Sudeste,-23.5505,-46.6333
2025-07-13T15:00,11.2,11.0,7.4,136.0,95,São Paulo,SP,Sudeste,-23.5505,-46.6333
2025-07-13T16:00,11.5,11.3,16.4,118.0,94,São Paulo,SP,Sudeste,-23.5505,-46.6333
2025-07-13T17:00,13.9,13.4,29.2,92.0,93,São Paulo,SP,Sudeste,-23.5505,-46.6333
2025-07-13T18:00,19.4,18.9,40.2,69.0,92,São Paulo,SP,Sudeste,-23.5505,-46.6333
2025-07-13T19:00,23.5,22.7,47.4,52.0,91,São Paulo,SP,Sudeste,-23.5505,-46.6333
2025-07-13T20:00,28.1,27.1,52.9,38.0,90,São Paulo,SP,Sudeste,-23.5505,-46.6333
2025-07-13T21:00,32.9,32.1,61.2,24.0,89,São Paulo,SP,Sudeste,-23.5505,-46.6333
2025-07-13T22:00,37.1,36.7,62.8,20.0,88,São Paulo,SP,Sudeste,-23.5505,-46.6333
2025-07-13T23:00,39.8,39.6,64.9,15.0,88,São Paulo,SP,Sudeste,-23.5505,-46.6333
2025-07-14T00:00,42.1,41.9,66.1,11.0,88,São Paulo,SP,Sudeste,-23.5505,-46.6333
2025-07-14T01:00,43.3,43.1,65.5,10.0,88,São Paulo,SP,Sudeste,-23.5505,-46.6333
2025-07-14T02:00,43.8,43.5,64.0,10.0,88,São Paulo,SP,Sudeste,-23.5505,-46.6333
2025-07-14T03:00,44.1,43.9,62.6,10.0,88,São Paulo,SP,Sudeste,-23.5505,-46.6333
2025-07-14T04:00,42.8,42.6,62.1,7.0,89,São Paulo,SP,Sudeste,-23.5505,-46.6333
2025-07-14T05:00,44.0,43.8,61.7,3.0,89,São Paulo,SP,Sudeste,-23.5505,-46.6333
2025-07-14T06:00,45.3,45.2,60.3,7.0,89,São Paulo,SP,Sudeste,-23.5505,-46.6333
2025-07-14T07:00,50.3,50.1,58.3,21.0,89,São Paulo,SP,Sudeste,-23.5505,-46.6333
2025-07-14T08:00,50.9,50.8,55.3,43.0,90,São Paulo,SP,Sudeste,-23.5505,-46.6333
2025-07-14T09:00,35.6,35.6,48.2,68.0,90,São Paulo,SP,Sudeste,-23.5505,-46.6333
2025-07-14T10:00,24.8,24.7,37.5,89.0,90,São Paulo,SP,Sudeste,-23.5505,-46.6333
2025-07-14T11:00,17.3,17.2,22.7,118.0,90,São Paulo,SP,Sudeste,-23.5505,-46.6333
2025-07-14T12:00,15.5,15.5,11.7,140.0,90,São Paulo,SP,Sudeste,-23.5505,-46.6333
2025-07-14T13:00,15.8,15.7,7.1,151.0,91,São Paulo,SP,Sudeste,-23.5505,-46.6333
2025-07-14T14:00,15.7,15.6,6.3,155.0,91,São Paulo,SP,Sudeste,-23.5505,-46.6333
2025-07-14T15:00,15.3,15.1,8.6,151.0,91,São Paulo,SP,Sudeste,-23.5505,-46.6333
2025-07-14T16:00,16.4,16.1,15.0,136.0,92,São Paulo,SP,Sudeste,-23.5505,-46.6333
2025-07-14T17:00,17.7,17.4,24.5,113.0,92,São Paulo,SP,Sudeste,-23.5505,-46.6333
2025-07-14T18:00,23.0,22.7,34.1,90.0,92,São Paulo,SP,Sudeste,-23.5505,-46.6333
2025-07-14T19:00,30.3,30.0,43.4,69.0,93,São Paulo,SP,Sudeste,-23.5505,-46.6333
2025-07-14T20:00,40.4,40.0,52.7,49.0,93,São Paulo,SP,Sudeste,-23.5505,-46.6333
2025-07-14T21:00,49.1,48.7,63.9,27.0,94,São Paulo,SP,Sudeste,-23.5505,-46.6333
2025-07-14T22:00,59.1,58.8,67.9,20.0,96,São Paulo,SP,Sudeste,-23.5505,-46.6333
2025-07-14T23:00,63.1,62.9,73.1,11.0,97,São Paulo,SP,Sudeste,-23.5505,-46.6333
2025-07-15T00:00,63.8,63.6,75.1,6.0,99,São Paulo,SP,Sudeste,-23.5505,-46.6333
2025-07-15T01:00,64.3,64.0,71.0,8.0,101,São Paulo,SP,Sudeste,-23.5505,-46.6333
2025-07-15T02:00,61.9,61.7,63.7,13.0,103,São Paulo,SP,Sudeste,-23.5505,-46.6333
2025-07-15T03:00,54.4,54.0,57.9,17.0,105,São Paulo,SP,Sudeste,-23.5505,-46.6333
2025-07-15T04:00,51.6,51.2,55.2,15.0,106,São Paulo,SP,Sudeste,-23.5505,-46.6333
2025-07-15T05:00,49.1,48.8,54.0,11.0,107,São Paulo,SP,Sudeste,-23.5505,-46.6333
2025-07-15T06:00,47.0,46.7,54.1,13.0,108,São Paulo,SP,Sudeste,-23.5505,-46.6333
2025-07-15T07:00,47.6,47.4,57.9,25.0,108,São Paulo,SP,Sudeste,-23.5505,-46.6333
2025-07-15T08:00,55.9,55.6,62.9,43.0,108,São Paulo,SP,Sudeste,-23.5505,-46.6333
2025-07-15T09:00,53.9,53.7,59.7,62.0,108,São Paulo,SP,Sudeste,-23.5505,-46.6333
2025-07-15T10:00,28.0,27.7,44.9,83.0,110,São Paulo,SP,Sudeste,-23.5505,-46.6333
2025-07-15T11:00,14.3,14.1,24.6,112.0,110,São Paulo,SP,Sudeste,-23.5505,-46.6333
2025-07-15T12:00,11.5,11.4,9.5,135.0,110,São Paulo,SP,Sudeste,-23.5505,-46.6333
2025-07-15T13:00,10.6,10.4,3.3,147.0,109,São Paulo,SP,Sudeste,-23.5505,-46.6333
2025-07-15T14:00,10.5,10.4,2.4,153.0,109,São Paulo,SP,Sudeste,-23.5505,-46.6333
2025-07-15T15:00,11.2,11.1,7.1,150.0,108,São Paulo,SP,Sudeste,-23.5505,-46.6333
2025-07-15T16:00,13.1,13.0,19.8,134.0,108,São Paulo,SP,Sudeste,-23.5505,-46.6333
2025-07-15T17:00,18.3,18.2,38.0,110.0,108,São Paulo,SP,Sudeste,-23.5505,-46.6333
2025-07-15T18:00,31.9,31.8,55.2,87.0,108,São Paulo,SP,Sudeste,-23.5505,-46.6333
2025-07-15T19:00,43.4,43.3,70.0,69.0,109,São Paulo,SP,Sudeste,-23.5505,-46.6333
2025-07-15T20:00,52.3,52.2,83.7,52.0,110,São Paulo,SP,Sudeste,-23.5505,-46.6333
2025-07-15T21:00,56.5,56.5,99.1,31.0,111,São Paulo,SP,Sudeste,-23.5505,-46.6333
2025-07-15T22:00,59.3,59.3,99.2,27.0,112,São Paulo,SP,Sudeste,-23.5505,-46.6333
2025-07-15T23:00,60.5,60.5,99.0,21.0,112,São Paulo,SP,Sudeste,-23.5505,-46.6333
2025-07-16T00:00,60.1,59.8,97.1,16.0,112,São Paulo,SP,Sudeste,-23.5505,-46.6333
2025-07-16T01:00,56.7,56.2,91.9,14.0,112,São Paulo,SP,Sudeste,-23.5505,-46.6333
2025-07-16T02:00,52.4,51.7,84.9,14.0,111,São Paulo,SP,Sudeste,-23.5505,-46.6333
2025-07-16T03:00,47.7,46.8,79.2,14.0,110,São Paulo,SP,Sudeste,-23.5505,-46.6333
2025-07-16T04:00,42.6,41.7,76.0,11.0,109,São Paulo,SP,Sudeste,-23.5505,-46.6333
2025-07-16T05:00,38.4,37.5,73.9,8.0,108,São Paulo,SP,Sudeste,-23.5505,-46.6333
2025-07-16T06:00,36.2,35.3,72.2,12.0,107,São Paulo,SP,Sudeste,-23.5505,-46.6333
2025-07-16T07:00,40.0,39.0,72.5,26.0,106,São Paulo,SP,Sudeste,-23.5505,-46.6333
2025-07-16T08:00,49.1,48.0,73.2,46.0,105,São Paulo,SP,Sudeste,-23.5505,-46.6333
2025-07-16T09:00,30.6,30.0,58.4,74.0,104,São Paulo,SP,Sudeste,-23.5505,-46.6333
2025-07-16T10:00,19.2,18.9,43.6,95.0,101,São Paulo,SP,Sudeste,-23.5505,-46.6333
2025-07-16T11:00,10.5,10.4,23.3,123.0,101,São Paulo,SP,Sudeste,-23.5505,-46.6333
2025-07-16T12:00,9.3,9.2,8.4,148.0,100,São Paulo,SP,Sudeste,-23.5505,-46.6333
2025-07-16T13:00,10.3,10.2,2.6,168.0,100,São Paulo,SP,Sudeste,-23.5505,-46.6333
2025-07-16T14:00,11.8,11.8,2.2,184.0,100,São Paulo,SP,Sudeste,-23.5505,-46.6333
2025-07-16T15:00,13.2,13.2,7.2,186.0,100,São Paulo,SP,Sudeste,-23.5505,-46.6333
2025-07-16T16:00,14.4,14.3,20.1,164.0,100,São Paulo,SP,Sudeste,-23.5505,-46.6333
2025-07-16T17:00,19.1,19.0,38.3,129.0,109,São Paulo,SP,Sudeste,-23.5505,-46.6333
2025-07-16T18:00,30.5,30.4,54.0,98.0,121,São Paulo,SP,Sudeste,-23.5505,-46.6333
2025-07-16T19:00,38.1,38.0,64.6,79.0,122,São Paulo,SP,Sudeste,-23.5505,-46.6333
2025-07-16T20:00,43.5,43.2,72.6,64.0,112,São Paulo,SP,Sudeste,-23.5505,-46.6333
2025-07-16T21:00,49.7,49.4,88.5,41.0,99,São Paulo,SP,Sudeste,-23.5505,-46.6333
2025-07-16T22:00,52.3,51.6,90.4,33.0,99,São Paulo,SP,Sudeste,-23.5505,-46.6333
2025-07-16T23:00,53.1,52.2,92.7,22.0,98,São Paulo,SP,Sudeste,-23.5505,-46.6333
2025-07-17T00:00,52.4,51.3,92.6,14.0,97,São Paulo,SP,Sudeste,-23.5505,-46.6333
2025-07-17T01:00,49.8,48.8,88.2,11.0,97,São Paulo,SP,Sudeste,-23.5505,-46.6333
2025-07-17T02:00,45.3,44.2,81.5,12.0,96,São Paulo,SP,Sudeste,-23.5505,-46.6333
2025-07-17T03:00,39.2,38.2,75.1,13.0,95,São Paulo,SP,Sudeste,-23.5505,-46.6333
2025-07-17T04:00,34.1,33.1,69.9,14.0,95,São Paulo,SP,Sudeste,-23.5505,-46.6333
2025-07-17T05:00,31.2,30.0,65.1,15.0,94,São Paulo,SP,Sudeste,-23.5505,-46.6333
2025-07-17T06:00,29.8,28.7,60.8,23.0,94,São Paulo,SP,Sudeste,-23.5505,-46.6333
2025-07-17T07:00,31.7,30.6,58.5,40.0,93,São Paulo,SP,Sudeste,-23.5505,-46.6333
2025-07-17T08:00,36.0,34.9,56.8,64.0,92,São Paulo,SP,Sudeste,-23.5505,-46.6333
2025-07-17T09:00,31.5,31.2,51.4,82.0,91,São Paulo,SP,Sudeste,-23.5505,-46.6333
2025-07-17T10:00,18.9,18.8,37.7,102.0,91,São Paulo,SP,Sudeste,-23.5505,-46.6333
2025-07-17T11:00,9.1,9.0,19.0,131.0,91,São Paulo,SP,Sudeste,-23.5505,-46.6333
2025-07-17T12:00,6.6,6.5,5.3,152.0,91,São Paulo,SP,Sudeste,-23.5505,-46.6333
2025-07-17T13:00,6.4,6.4,0.1,162.0,91,São Paulo,SP,Sudeste,-23.5505,-46.6333
2025-07-17T14:00,7.0,7.0,0.1,166.0,91,São Paulo,SP,Sudeste,-23.5505,-46.6333
2025-07-17T15:00,7.9,7.9,5.3,160.0,90,São Paulo,SP,Sudeste,-23.5505,-46.6333
2025-07-17T16:00,9.0,9.0,19.2,140.0,90,São Paulo,SP,Sudeste,-23.5505,-46.6333
2025-07-17T17:00,12.7,12.7,38.3,111.0,99,São Paulo,SP,Sudeste,-23.5505,-46.6333
2025-07-17T18:00,20.8,20.8,52.4,88.0,106,São Paulo,SP,Sudeste,-23.5505,-46.6333
2025-07-17T19:00,25.3,25.2,57.0,77.0,103,São Paulo,SP,Sudeste,-23.5505,-46.6333
2025-07-17T20:00,26.3,26.1,56.6,71.0,91,São Paulo,SP,Sudeste,-23.5505,-46.6333
2025-07-17T21:00,29.9,29.7,61.4,58.0,86,São Paulo,SP,Sudeste,-23.5505,-46.6333
2025-07-17T22:00,27.9,27.6,55.9,62.0,84,São Paulo,SP,Sudeste,-23.5505,-46.6333
2025-07-17T23:00,25.1,24.8,48.1,68.0,83,São Paulo,SP,Sudeste,-23.5505,-46.6333
2025-07-18T00:00,21.9,21.6,40.5,73.0,80,São Paulo,SP,Sudeste,-23.5505,-46.6333
2025-07-18T01:00,18.9,18.5,33.2,75.0,78,São Paulo,SP,Sudeste,-23.5505,-46.6333
2025-07-18T02:00,17.0,16.5,26.0,76.0,76,São Paulo,SP,Sudeste,-23.5505,-46.6333
2025-07-18T03:00,16.1,15.4,21.1,76.0,73,São Paulo,SP,Sudeste,-23.5505,-46.6333
2025-07-18T04:00,15.5,14.9,19.5,73.0,72,São Paulo,SP,Sudeste,-23.5505,-46.6333
2025-07-18T05:00,15.6,15.0,20.1,69.0,70,São Paulo,SP,Sudeste,-23.5505,-46.6333
2025-07-18T06:00,15.9,15.3,22.5,66.0,69,São Paulo,SP,Sudeste,-23.5505,-46.6333
2025-07-18T07:00,19.0,18.3,28.7,64.0,68,São Paulo,SP,Sudeste,-23.5505,-46.6333
2025-07-18T08:00,25.6,24.7,36.6,63.0,67,São Paulo,SP,Sudeste,-23.5505,-46.6333
2025-07-18T09:00,27.0,26.1,43.1,56.0,66,São Paulo,SP,Sudeste,-23.5505,-46.6333
2025-07-18T10:00,23.6,22.6,33.9,80.0,66,São Paulo,SP,Sudeste,-23.5505,-46.6333
2025-07-18T11:00,21.3,20.6,21.1,114.0,66,São Paulo,SP,Sudeste,-23.5505,-46.6333
2025-07-18T12:00,18.0,17.8,11.3,136.0,67,São Paulo,SP,Sudeste,-23.5505,-46.6333
2025-07-18T13:00,14.2,14.1,6.6,139.0,68,São Paulo,SP,Sudeste,-23.5505,-46.6333
2025-07-18T14:00,11.5,11.2,4.8,131.0,69,São Paulo,SP,Sudeste,-23.5505,-46.6333
2025-07-18T15:00,10.4,9.9,6.5,118.0,69,São Paulo,SP,Sudeste,-23.5505,-46.6333
2025-07-18T16:00,10.4,9.7,13.1,100.0,69,São Paulo,SP,Sudeste,-23.5505,-46.6333
2025-07-18T17:00,12.8,12.2,23.2,77.0,69,São Paulo,SP,Sudeste,-23.5505,-46.6333
2025-07-18T18:00,17.7,17.1,32.6,57.0,69,São Paulo,SP,Sudeste,-23.5505,-46.6333
2025-07-18T19:00,22.4,21.4,40.3,41.0,69,São Paulo,SP,Sudeste,-23.5505,-46.6333
2025-07-18T20:00,25.8,24.6,47.2,27.0,68,São Paulo,SP,Sudeste,-23.5505,-46.6333
2025-07-18T21:00,32.4,31.5,57.2,12.0,68,São Paulo,SP,Sudeste,-23.5505,-46.6333
2025-07-18T22:00,37.4,36.4,58.8,10.0,69,São Paulo,SP,Sudeste,-23.5505,-46.6333
2025-07-18T23:00,40.7,40.2,61.0,6.0,69,São Paulo,SP,Sudeste,-23.5505,-46.6333
2025-07-19T00:00,41.9,41.3,61.4,5.0,70,São Paulo,SP,Sudeste,-23.5505,-46.6333
2025-07-19T01:00,41.6,41.2,58.7,7.0,72,São Paulo,SP,Sudeste,-23.5505,-46.6333
2025-07-19T02:00,41.1,40.7,54.3,12.0,74,São Paulo,SP,Sudeste,-23.5505,-46.6333
2025-07-19T03:00,40.4,40.2,50.5,16.0,76,São Paulo,SP,Sudeste,-23.5505,-46.6333
2025-07-19T04:00,36.2,36.1,48.2,17.0,78,São Paulo,SP,Sudeste,-23.5505,-46.6333
2025-07-19T05:00,33.4,33.3,46.5,18.0,79,São Paulo,SP,Sudeste,-23.5505,-46.6333
2025-07-19T06:00,31.7,31.5,44.6,24.0,81,São Paulo,SP,Sudeste,-23.5505,-46.6333
2025-07-19T07:00,34.6,34.5,42.9,37.0,82,São Paulo,SP,Sudeste,-23.5505,-46.6333
2025-07-19T08:00,38.1,38.1,41.0,56.0,83,São Paulo,SP,Sudeste,-23.5505,-46.6333
2025-07-19T09:00,22.5,22.3,35.5,80.0,84,São Paulo,SP,Sudeste,-23.5505,-46.6333
2025-07-19T10:00,18.9,18.6,28.0,101.0,84,São Paulo,SP,Sudeste,-23.5505,-46.6333
2025-07-19T11:00,17.6,17.3,17.7,131.0,84,São Paulo,SP,Sudeste,-23.5505,-46.6333
2025-07-19T12:00,16.9,16.7,10.0,156.0,83,São Paulo,SP,Sudeste,-23.5505,-46.6333
2025-07-19T13:00,17.9,17.8,6.5,176.0,83,São Paulo,SP,Sudeste,-23.5505,-46.6333
2025-07-19T14:00,19.0,18.9,5.6,192.0,84,São Paulo,SP,Sudeste,-23.5505,-46.6333
2025-07-19T15:00,20.0,19.9,8.2,195.0,84,São Paulo,SP,Sudeste,-23.5505,-46.6333
2025-07-19T16:00,20.8,20.5,16.2,176.0,98,São Paulo,SP,Sudeste,-23.5505,-46.6333
2025-07-19T17:00,21.5,21.1,27.7,144.0,123,São Paulo,SP,Sudeste,-23.5505,-46.6333
2025-07-19T18:00,26.5,26.1,38.4,112.0,137,São Paulo,SP,Sudeste,-23.5505,-46.6333
2025-07-19T19:00,29.2,28.2,47.3,84.0,139,São Paulo,SP,Sudeste,-23.5505,-46.6333
2025-07-19T20:00,35.6,34.8,55.4,57.0,129,São Paulo,SP,Sudeste,-23.5505,-46.6333
2025-07-19T21:00,31.8,31.0,52.5,33.0,108,São Paulo,SP,Sudeste,-23.5505,-46.6333
2025-07-19T22:00,33.4,32.6,46.2,38.0,89,São Paulo,SP,Sudeste,-23.5505,-46.6333
2025-07-19T23:00,31.4,30.7,37.6,46.0,88,São Paulo,SP,Sudeste,-23.5505,-46.6333
2025-07-20T00:00,32.1,31.5,31.5,49.0,88,São Paulo,SP,Sudeste,-23.5505,-46.6333
2025-07-20T01:00,32.8,32.2,30.4,45.0,87,São Paulo,SP,Sudeste,-23.5505,-46.6333
2025-07-20T02:00,34.1,33.6,31.8,38.0,86,São Paulo,SP,Sudeste,-23.5505,-46.6333
2025-07-20T03:00,35.7,35.3,33.5,31.0,85,São Paulo,SP,Sudeste,-23.5505,-46.6333
2025-07-20T04:00,36.4,35.9,35.3,25.0,85,São Paulo,SP,Sudeste,-23.5505,-46.6333
2025-07-20T05:00,37.0,36.6,37.3,20.0,85,São Paulo,SP,Sudeste,-23.5505,-46.6333
2025-07-20T06:00,38.1,37.5,38.0,21.0,85,São Paulo,SP,Sudeste,-23.5505,-46.6333
2025-07-20T07:00,40.7,40.2,36.7,31.0,86,São Paulo,SP,Sudeste,-23.5505,-46.6333
2025-07-20T08:00,38.2,37.6,34.1,48.0,86,São Paulo,SP,Sudeste,-23.5505,-46.6333
2025-07-20T09:00,28.0,27.4,27.5,73.0,86,São Paulo,SP,Sudeste,-23.5505,-46.6333
2025-07-20T10:00,27.0,26.4,22.6,102.0,87,São Paulo,SP,Sudeste,-23.5505,-46.6333
2025-07-20T11:00,26.3,25.7,15.9,143.0,87,São Paulo,SP,Sudeste,-23.5505,-46.6333
2025-07-20T12:00,24.7,24.3,10.8,175.0,88,São Paulo,SP,Sudeste,-23.5505,-46.6333
2025-07-20T13:00,23.9,23.5,7.8,195.0,89,São Paulo,SP,Sudeste,-23.5505,-46.6333
2025-07-20T14:00,23.5,23.2,6.4,207.0,89,São Paulo,SP,Sudeste,-23.5505,-46.6333
2025-07-20T15:00,23.6,23.2,8.9,204.0,89,São Paulo,SP,Sudeste,-23.5505,-46.6333
2025-07-20T16:00,23.3,22.8,18.6,176.0,111,São Paulo,SP,Sudeste,-23.5505,-46.6333
2025-07-20T17:00,23.3,22.5,32.2,134.0,138,São Paulo,SP,Sudeste,-23.5505,-46.6333
2025-07-20T18:00,28.0,27.2,41.6,97.0,151,São Paulo,SP,Sudeste,-23.5505,-46.6333
2025-07-20T19:00,28.6,27.8,42.6,75.0,150,São Paulo,SP,Sudeste,-23.5505,-46.6333
2025-07-20T20:00,32.9,32.0,39.4,59.0,135,São Paulo,SP,Sudeste,-23.5505,-46.6333
2025-07-20T21:00,31.5,31.0,41.3,44.0,111,São Paulo,SP,Sudeste,-23.5505,-46.6333
2025-07-20T22:00,32.0,31.3,40.4,39.0,90,São Paulo,SP,Sudeste,-23.5505,-46.6333
2025-07-20T23:00,32.0,31.3,39.1,32.0,90,São Paulo,SP,Sudeste,-23.5505,-46.6333
2025-07-21T00:00,31.7,30.9,38.2,26.0,90,São Paulo,SP,Sudeste,-23.5505,-46.6333
2025-07-21T01:00,32.0,31.3,37.8,22.0,90,São Paulo,SP,Sudeste,-23.5505,-46.6333
2025-07-21T02:00,33.4,32.6,37.7,20.0,90,São Paulo,SP,Sudeste,-23.5505,-46.6333
2025-07-21T03:00,34.2,33.5,38.0,17.0,89,São Paulo,SP,Sudeste,-23.5505,-46.6333
2025-07-21T04:00,34.6,33.9,39.0,11.0,89,São Paulo,SP,Sudeste,-23.5505,-46.6333
2025-07-21T05:00,35.2,34.5,40.4,6.0,89,São Paulo,SP,Sudeste,-23.5505,-46.6333
2025-07-21T06:00,36.2,35.5,41.3,9.0,89,São Paulo,SP,Sudeste,-23.5505,-46.6333
2025-07-21T07:00,40.5,39.9,42.0,25.0,89,São Paulo,SP,Sudeste,-23.5505,-46.6333
2025-07-21T08:00,44.5,43.9,42.1,50.0,89,São Paulo,SP,Sudeste,-23.5505,-46.6333
2025-07-21T09:00,40.7,40.4,37.9,65.0,89,São Paulo,SP,Sudeste,-23.5505,-46.6333
2025-07-21T10:00,41.2,41.0,31.1,104.0,90,São Paulo,SP,Sudeste,-23.5505,-46.6333
2025-07-21T11:00,36.4,36.3,21.7,158.0,91,São Paulo,SP,Sudeste,-23.5505,-46.6333
2025-07-21T12:00,31.9,31.8,14.2,198.0,92,São Paulo,SP,Sudeste,-23.5505,-46.6333
2025-07-21T13:00,25.6,25.6,9.3,214.0,93,São Paulo,SP,Sudeste,-23.5505,-46.6333
2025-07-21T14:00,22.5,22.4,6.5,215.0,93,São Paulo,SP,Sudeste,-23.5505,-46.6333
2025-07-21T15:00,20.4,20.3,8.2,204.0,93,São Paulo,SP,Sudeste,-23.5505,-46.6333
2025-07-21T16:00,18.9,18.7,16.8,176.0,123,São Paulo,SP,Sudeste,-23.5505,-46.6333
2025-07-21T17:00,20.4,20.2,30.1,135.0,150,São Paulo,SP,Sudeste,-23.5505,-46.6333
2025-07-21T18:00,27.8,27.5,43.9,97.0,161,São Paulo,SP,Sudeste,-23.5505,-46.6333
2025-07-21T19:00,36.6,36.2,58.6,65.0,160,São Paulo,SP,Sudeste,-23.5505,-46.6333
2025-07-21T20:00,47.5,47.3,73.9,35.0,144,São Paulo,SP,Sudeste,-23.5505,-46.6333
2025-07-21T21:00,58.3,57.7,84.2,15.0,109,São Paulo,SP,Sudeste,-23.5505,-46.6333
2025-07-21T22:00,65.0,64.3,84.0,13.0,96,São Paulo,SP,Sudeste,-23.5505,-46.6333
2025-07-21T23:00,65.9,65.4,83.6,10.0,99,São Paulo,SP,Sudeste,-23.5505,-46.6333
2025-07-22T00:00,65.0,64.5,81.5,8.0,102,São Paulo,SP,Sudeste,-23.5505,-46.6333
2025-07-22T01:00,63.3,62.9,76.3,9.0,105,São Paulo,SP,Sudeste,-23.5505,-46.6333
2025-07-22T02:00,62.9,62.6,69.4,12.0,109,São Paulo,SP,Sudeste,-23.5505,-46.6333
2025-07-22T03:00,64.0,63.8,64.1,14.0,112,São Paulo,SP,Sudeste,-23.5505,-46.6333
2025-07-22T04:00,65.2,65.0,61.6,12.0,115,São Paulo,SP,Sudeste,-23.5505,-46.6333
2025-07-22T05:00,65.9,65.7,60.7,9.0,118,São Paulo,SP,Sudeste,-23.5505,-46.6333
2025-07-22T06:00,67.1,66.8,60.5,15.0,122,São Paulo,SP,Sudeste,-23.5505,-46.6333
2025-07-22T07:00,71.5,71.2,62.9,34.0,125,São Paulo,SP,Sudeste,-23.5505,-46.6333
2025-07-22T08:00,74.5,74.5,66.0,60.0,128,São Paulo,SP,Sudeste,-23.5505,-46.6333
2025-07-22T09:00,68.9,68.7,61.3,93.0,131,São Paulo,SP,Sudeste,-23.5505,-46.6333
2025-07-22T10:00,44.5,44.4,46.1,120.0,134,São Paulo,SP,Sudeste,-23.5505,-46.6333
2025-07-22T11:00,21.3,21.3,25.2,157.0,135,São Paulo,SP,Sudeste,-23.5505,-46.6333
2025-07-22T12:00,15.0,15.0,9.6,181.0,133,São Paulo,SP,Sudeste,-23.5505,-46.6333
2025-07-22T13:00,10.9,10.9,2.6,184.0,131,São Paulo,SP,Sudeste,-23.5505,-46.6333
2025-07-22T14:00,9.4,9.4,1.0,174.0,130,São Paulo,SP,Sudeste,-23.5505,-46.6333
2025-07-22T15:00,9.1,9.1,5.6,157.0,128,São Paulo,SP,Sudeste,-23.5505,-46.6333
2025-07-22T16:00,10.5,10.5,19.3,131.0,127,São Paulo,SP,Sudeste,-23.5505,-46.6333
2025-07-22T17:00,16.1,16.1,39.2,97.0,126,São Paulo,SP,Sudeste,-23.5505,-46.6333
2025-07-22T18:00,29.3,29.3,58.2,67.0,126,São Paulo,SP,Sudeste,-23.5505,-46.6333
2025-07-22T19:00,43.4,43.4,75.2,42.0,126,São Paulo,SP,Sudeste,-23.5505,-46.6333
2025-07-22T20:00,55.6,55.5,91.1,21.0,127,São Paulo,SP,Sudeste,-23.5505,-46.6333
2025-07-22T21:00,56.1,56.0,90.4,8.0,128,São Paulo,SP,Sudeste,-23.5505,-46.6333
2025-07-22T22:00,64.7,64.7,91.3,5.0,128,São Paulo,SP,Sudeste,-23.5505,-46.6333
2025-07-22T23:00,68.7,68.5,92.3,1.0,128,São Paulo,SP,Sudeste,-23.5505,-46.6333
2025-07-23T00:00,68.7,68.5,91.0,0.0,128,São Paulo,SP,Sudeste,-23.5505,-46.6333
2025-07-23T01:00,65.0,65.0,85.6,4.0,128,São Paulo,SP,Sudeste,-23.5505,-46.6333
2025-07-23T02:00,59.0,58.9,77.9,10.0,129,São Paulo,SP,Sudeste,-23.5505,-46.6333
2025-07-23T03:00,49.2,49.1,71.0,16.0,128,São Paulo,SP,Sudeste,-23.5505,-46.6333
2025-07-23T04:00,41.7,41.6,66.6,20.0,127,São Paulo,SP,Sudeste,-23.5505,-46.6333
2025-07-23T05:00,37.3,37.1,63.1,24.0,124,São Paulo,SP,Sudeste,-23.5505,-46.6333
2025-07-23T06:00,34.7,34.6,58.2,33.0,121,São Paulo,SP,Sudeste,-23.5505,-46.6333
2025-07-23T07:00,36.0,35.9,51.0,51.0,118,São Paulo,SP,Sudeste,-23.5505,-46.6333
2025-07-23T08:00,40.3,40.2,42.6,74.0,114,São Paulo,SP,Sudeste,-23.5505,-46.6333
2025-07-23T09:00,20.4,20.1,28.3,97.0,111,São Paulo,SP,Sudeste,-23.5505,-46.6333
2025-07-23T10:00,14.1,13.8,21.3,107.0,106,São Paulo,SP,Sudeste,-23.5505,-46.6333
2025-07-23T11:00,14.6,14.1,11.7,120.0,102,São Paulo,SP,Sudeste,-23.5505,-46.6333
2025-07-23T12:00,14.9,14.4,4.9,130.0,102,São Paulo,SP,Sudeste,-23.5505,-46.6333
2025-07-23T13:00,15.7,15.1,2.5,136.0,102,São Paulo,SP,Sudeste,-23.5505,-46.6333
2025-07-23T14:00,16.6,16.0,2.8,139.0,102,São Paulo,SP,Sudeste,-23.5505,-46.6333
2025-07-23T15:00,17.5,16.8,6.2,136.0,103,São Paulo,SP,Sudeste,-23.5505,-46.6333
2025-07-23T16:00,18.8,18.1,14.2,122.0,103,São Paulo,SP,Sudeste,-23.5505,-46.6333
2025-07-23T17:00,21.6,20.8,25.2,102.0,104,São Paulo,SP,Sudeste,-23.5505,-46.6333
2025-07-23T18:00,27.2,26.6,34.6,83.0,105,São Paulo,SP,Sudeste,-23.5505,-46.6333
2025-07-23T19:00,32.7,32.0,41.3,67.0,104,São Paulo,SP,Sudeste,-23.5505,-46.6333
2025-07-23T20:00,35.6,34.3,46.4,53.0,103,São Paulo,SP,Sudeste,-23.5505,-46.6333
2025-07-23T21:00,36.7,34.7,60.3,36.0,101,São Paulo,SP,Sudeste,-23.5505,-46.6333
2025-07-23T22:00,42.8,41.9,53.7,40.0,99,São Paulo,SP,Sudeste,-23.5505,-46.6333
2025-07-23T23:00,41.7,40.4,44.5,44.0,97,São Paulo,SP,Sudeste,-23.5505,-46.6333
2025-07-24T00:00,40.7,39.6,36.8,48.0,95,São Paulo,SP,Sudeste,-23.5505,-46.6333
2025-07-24T01:00,40.4,39.5,32.3,49.0,93,São Paulo,SP,Sudeste,-23.5505,-46.6333
2025-07-24T02:00,38.9,38.0,29.4,49.0,91,São Paulo,SP,Sudeste,-23.5505,-46.6333
2025-07-24T03:00,34.9,33.8,26.7,49.0,89,São Paulo,SP,Sudeste,-23.5505,-46.6333
2025-07-24T04:00,29.0,28.1,23.6,49.0,88,São Paulo,SP,Sudeste,-23.5505,-46.6333
2025-07-24T05:00,21.5,20.8,20.8,49.0,87,São Paulo,SP,Sudeste,-23.5505,-46.6333
2025-07-24T06:00,20.4,19.7,19.5,50.0,86,São Paulo,SP,Sudeste,-23.5505,-46.6333
2025-07-24T07:00,21.4,20.6,21.4,51.0,84,São Paulo,SP,Sudeste,-23.5505,-46.6333
2025-07-24T08:00,20.4,19.3,24.8,53.0,83,São Paulo,SP,Sudeste,-23.5505,-46.6333
2025-07-24T09:00,23.1,22.2,26.1,63.0,82,São Paulo,SP,Sudeste,-23.5505,-46.6333
2025-07-24T10:00,19.2,18.0,21.8,79.0,82,São Paulo,SP,Sudeste,-23.5505,-46.6333
2025-07-24T11:00,17.6,16.3,15.8,101.0,82,São Paulo,SP,Sudeste,-23.5505,-46.6333
2025-07-24T12:00,17.1,15.9,11.4,118.0,82,São Paulo,SP,Sudeste,-23.5505,-46.6333
2025-07-24T13:00,17.0,15.9,9.3,129.0,82,São Paulo,SP,Sudeste,-23.5505,-46.6333
2025-07-24T14:00,16.9,15.8,8.8,135.0,82,São Paulo,SP,Sudeste,-23.5505,-46.6333
2025-07-24T15:00,16.1,15.1,10.4,132.0,82,São Paulo,SP,Sudeste,-23.5505,-46.6333
2025-07-24T16:00,15.6,14.4,15.7,116.0,82,São Paulo,SP,Sudeste,-23.5505,-46.6333
2025-07-24T17:00,15.1,13.8,23.2,91.0,82,São Paulo,SP,Sudeste,-23.5505,-46.6333
2025-07-24T18:00,15.9,14.8,29.2,69.0,82,São Paulo,SP,Sudeste,-23.5505,-46.6333
2025-07-24T19:00,17.6,17.0,32.4,53.0,81,São Paulo,SP,Sudeste,-23.5505,-46.6333
2025-07-24T20:00,17.9,17.5,34.1,41.0,79,São Paulo,SP,Sudeste,-23.5505,-46.6333
2025-07-24T21:00,17.5,17.0,32.4,36.0,78,São Paulo,SP,Sudeste,-23.5505,-46.6333
2025-07-24T22:00,17.4,16.9,32.1,36.0,77,São Paulo,SP,Sudeste,-23.5505,-46.6333
2025-07-24T23:00,19.0,18.6,31.5,35.0,75,São Paulo,SP,Sudeste,-23.5505,-46.6333
2025-07-25T00:00,21.4,20.9,30.5,35.0,73,São Paulo,SP,Sudeste,-23.5505,-46.6333
2025-07-25T01:00,22.4,21.9,28.3,36.0,72,São Paulo,SP,Sudeste,-23.5505,-46.6333
2025-07-25T02:00,23.3,22.9,25.5,38.0,70,São Paulo,SP,Sudeste,-23.5505,-46.6333
2025-07-25T03:00,25.4,25.0,24.1,38.0,69,São Paulo,SP,Sudeste,-23.5505,-46.6333
2025-07-25T04:00,27.7,27.3,25.0,33.0,68,São Paulo,SP,Sudeste,-23.5505,-46.6333
2025-07-25T05:00,29.4,28.9,27.2,26.0,68,São Paulo,SP,Sudeste,-23.5505,-46.6333
2025-07-25T06:00,31.2,30.9,29.7,23.0,69,São Paulo,SP,Sudeste,-23.5505,-46.6333
2025-07-25T07:00,35.3,34.9,33.1,26.0,70,São Paulo,SP,Sudeste,-23.5505,-46.6333
2025-07-25T08:00,36.9,36.6,36.8,34.0,71,São Paulo,SP,Sudeste,-23.5505,-46.6333
2025-07-25T09:00,36.0,35.6,40.9,39.0,72,São Paulo,SP,Sudeste,-23.5505,-46.6333
2025-07-25T10:00,30.6,30.3,35.5,54.0,73,São Paulo,SP,Sudeste,-23.5505,-46.6333
2025-07-25T11:00,26.3,26.0,27.9,75.0,74,São Paulo,SP,Sudeste,-23.5505,-46.6333
2025-07-25T12:00,25.5,25.2,21.7,98.0,75,São Paulo,SP,Sudeste,-23.5505,-46.6333
2025-07-25T13:00,31.3,31.1,17.2,129.0,76,São Paulo,SP,Sudeste,-23.5505,-46.6333
2025-07-25T14:00,34.9,34.8,14.0,163.0,77,São Paulo,SP,Sudeste,-23.5505,-46.6333
2025-07-25T15:00,31.9,31.8,15.2,177.0,78,São Paulo,SP,Sudeste,-23.5505,-46.6333
2025-07-25T16:00,29.3,29.2,23.5,157.0,80,São Paulo,SP,Sudeste,-23.5505,-46.6333
2025-07-25T17:00,30.0,29.9,36.2,118.0,81,São Paulo,SP,Sudeste,-23.5505,-46.6333
2025-07-25T18:00,34.8,34.7,47.4,83.0,82,São Paulo,SP,Sudeste,-23.5505,-46.6333
2025-07-25T19:00,37.4,37.3,55.4,59.0,84,São Paulo,SP,Sudeste,-23.5505,-46.6333
2025-07-25T20:00,41.3,41.1,62.0,38.0,85,São Paulo,SP,Sudeste,-23.5505,-46.6333
2025-07-25T21:00,46.2,46.0,67.8,17.0,87,São Paulo,SP,Sudeste,-23.5505,-46.6333
2025-07-25T22:00,48.4,48.1,69.5,13.0,89,São Paulo,SP,Sudeste,-23.5505,-46.6333
2025-07-25T23:00,51.5,51.2,71.8,6.0,92,São Paulo,SP,Sudeste,-23.5505,-46.6333
2025-07-26T00:00,53.8,53.4,73.4,2.0,94,São Paulo,SP,Sudeste,-23.5505,-46.6333
2025-07-26T01:00,54.4,54.1,74.0,1.0,97,São Paulo,SP,Sudeste,-23.5505,-46.6333
2025-07-26T02:00,54.4,54.0,74.0,1.0,100,São Paulo,SP,Sudeste,-23.5505,-46.6333
2025-07-26T03:00,54.4,54.1,73.0,2.0,103,São Paulo,SP,Sudeste,-23.5505,-46.6333
2025-07-26T04:00,53.4,53.2,70.8,2.0,106,São Paulo,SP,Sudeste,-23.5505,-46.6333
2025-07-26T05:00,52.5,52.4,67.6,3.0,108,São Paulo,SP,Sudeste,-23.5505,-46.6333
2025-07-26T06:00,53.9,53.7,63.6,10.0,111,São Paulo,SP,Sudeste,-23.5505,-46.6333
2025-07-26T07:00,58.3,58.1,59.0,26.0,113,São Paulo,SP,Sudeste,-23.5505,-46.6333
2025-07-26T08:00,56.6,56.3,53.5,49.0,116,São Paulo,SP,Sudeste,-23.5505,-46.6333
2025-07-26T09:00,49.9,49.9,48.6,74.0,118,São Paulo,SP,Sudeste,-23.5505,-46.6333
2025-07-26T10:00,43.8,43.8,38.5,107.0,119,São Paulo,SP,Sudeste,-23.5505,-46.6333
2025-07-26T11:00,32.2,32.1,24.7,152.0,121,São Paulo,SP,Sudeste,-23.5505,-46.6333
2025-07-26T12:00,27.1,26.8,14.1,189.0,121,São Paulo,SP,Sudeste,-23.5505,-46.6333
2025-07-26T13:00,24.9,24.4,8.4,213.0,121,São Paulo,SP,Sudeste,-23.5505,-46.6333
2025-07-26T14:00,25.7,25.3,6.1,228.0,121,São Paulo,SP,Sudeste,-23.5505,-46.6333
2025-07-26T15:00,27.2,26.8,9.6,230.0,120,São Paulo,SP,Sudeste,-23.5505,-46.6333
2025-07-26T16:00,29.3,28.9,22.1,211.0,131,São Paulo,SP,Sudeste,-23.5505,-46.6333
2025-07-26T17:00,34.5,34.2,40.4,179.0,161,São Paulo,SP,Sudeste,-23.5505,-46.6333
2025-07-26T18:00,47.5,47.3,57.4,146.0,178,São Paulo,SP,Sudeste,-23.5505,-46.6333
2025-07-26T19:00,58.7,58.4,72.8,113.0,184,São Paulo,SP,Sudeste,-23.5505,-46.6333
2025-07-26T20:00,74.3,74.0,86.9,80.0,178,São Paulo,SP,Sudeste,-23.5505,-46.6333
2025-07-26T21:00,74.7,74.7,94.0,60.0,161,São Paulo,SP,Sudeste,-23.5505,-46.6333
2025-07-26T22:00,77.3,77.3,87.8,59.0,132,São Paulo,SP,Sudeste,-23.5505,-46.6333
2025-07-26T23:00,75.9,75.9,79.0,58.0,133,São Paulo,SP,Sudeste,-23.5505,-46.6333
2025-07-27T00:00,73.6,73.6,70.9,56.0,135,São Paulo,SP,Sudeste,-23.5505,-46.6333
2025-07-27T01:00,68.9,68.9,64.2,52.0,137,São Paulo,SP,Sudeste,-23.5505,-46.6333
2025-07-27T02:00,63.6,63.6,58.3,47.0,139,São Paulo,SP,Sudeste,-23.5505,-46.6333
2025-07-27T03:00,58.7,58.7,54.2,42.0,140,São Paulo,SP,Sudeste,-23.5505,-46.6333
2025-07-27T04:00,51.0,50.9,53.1,36.0,140,São Paulo,SP,Sudeste,-23.5505,-46.6333
2025-07-27T05:00,43.7,43.5,54.0,30.0,140,São Paulo,SP,Sudeste,-23.5505,-46.6333
2025-07-27T06:00,38.4,38.3,54.4,32.0,139,São Paulo,SP,Sudeste,-23.5505,-46.6333
2025-07-27T07:00,37.8,37.7,55.2,46.0,137,São Paulo,SP,Sudeste,-23.5505,-46.6333
2025-07-27T08:00,38.8,38.4,55.6,68.0,135,São Paulo,SP,Sudeste,-23.5505,-46.6333
2025-07-27T09:00,35.6,35.5,58.5,86.0,133,São Paulo,SP,Sudeste,-23.5505,-46.6333
2025-07-27T10:00,20.3,19.8,43.2,107.0,132,São Paulo,SP,Sudeste,-23.5505,-46.6333
2025-07-27T11:00,11.1,10.9,22.2,135.0,129,São Paulo,SP,Sudeste,-23.5505,-46.6333
2025-07-27T12:00,6.8,6.5,6.7,154.0,127,São Paulo,SP,Sudeste,-23.5505,-46.6333
2025-07-27T13:00,5.0,4.7,0.3,157.0,125,São Paulo,SP,Sudeste,-23.5505,-46.6333
2025-07-27T14:00,4.7,4.4,0.0,150.0,123,São Paulo,SP,Sudeste,-23.5505,-46.6333
2025-07-27T15:00,5.0,4.6,4.7,138.0,121,São Paulo,SP,Sudeste,-23.5505,-46.6333
2025-07-27T16:00,5.8,5.4,20.2,116.0,119,São Paulo,SP,Sudeste,-23.5505,-46.6333
2025-07-27T17:00,10.5,10.1,41.7,89.0,116,São Paulo,SP,Sudeste,-23.5505,-46.6333
2025-07-27T18:00,18.9,18.5,56.6,68.0,114,São Paulo,SP,Sudeste,-23.5505,-46.6333
2025-07-27T19:00,22.3,21.8,59.4,60.0,111,São Paulo,SP,Sudeste,-23.5505,-46.6333
2025-07-27T20:00,21.3,20.8,55.7,58.0,107,São Paulo,SP,Sudeste,-23.5505,-46.6333
2025-07-27T21:00,19.4,19.0,57.3,50.0,101,São Paulo,SP,Sudeste,-23.5505,-46.6333
2025-07-27T22:00,14.7,14.3,45.9,60.0,97,São Paulo,SP,Sudeste,-23.5505,-46.6333
2025-07-27T23:00,10.2,9.9,30.0,74.0,92,São Paulo,SP,Sudeste,-23.5505,-46.6333
2025-07-28T00:00,7.0,6.8,17.4,85.0,86,São Paulo,SP,Sudeste,-23.5505,-46.6333
2025-07-28T01:00,4.7,4.6,11.2,89.0,81,São Paulo,SP,Sudeste,-23.5505,-46.6333
2025-07-28T02:00,3.5,3.5,8.3,90.0,76,São Paulo,SP,Sudeste,-23.5505,-46.6333
2025-07-28T03:00,3.0,3.0,7.0,89.0,71,São Paulo,SP,Sudeste,-23.5505,-46.6333
2025-07-28T04:00,3.9,3.8,7.4,84.0,67,São Paulo,SP,Sudeste,-23.5505,-46.6333
2025-07-28T05:00,6.3,6.1,9.4,77.0,63,São Paulo,SP,Sudeste,-23.5505,-46.6333
2025-07-28T06:00,7.6,7.3,11.3,73.0,60,São Paulo,SP,Sudeste,-23.5505,-46.6333
2025-07-28T07:00,7.9,7.5,12.8,75.0,58,São Paulo,SP,Sudeste,-23.5505,-46.6333
2025-07-28T08:00,7.8,7.4,14.1,81.0,56,São Paulo,SP,Sudeste,-23.5505,-46.6333
2025-07-28T09:00,7.7,7.4,16.9,86.0,53,São Paulo,SP,Sudeste,-23.5505,-46.6333
2025-07-28T10:00,7.1,6.9,13.4,97.0,51,São Paulo,SP,Sudeste,-23.5505,-46.6333
2025-07-28T11:00,7.0,6.8,8.6,111.0,50,São Paulo,SP,Sudeste,-23.5505,-46.6333
2025-07-28T12:00,6.7,6.6,5.1,121.0,49,São Paulo,SP,Sudeste,-23.5505,-46.6333
2025-07-28T13:00,6.9,6.8,3.7,123.0,49,São Paulo,SP,Sudeste,-23.5505,-46.6333
2025-07-28T14:00,7.2,7.1,3.6,121.0,49,São Paulo,SP,Sudeste,-23.5505,-46.6333
2025-07-28T15:00,7.7,7.5,4.4,116.0,50,São Paulo,SP,Sudeste,-23.5505,-46.6333
2025-07-28T16:00,8.2,8.0,6.6,109.0,50,São Paulo,SP,Sudeste,-23.5505,-46.6333
2025-07-28T17:00,8.8,8.5,9.9,100.0,55,São Paulo,SP,Sudeste,-23.5505,-46.6333
2025-07-28T18:00,9.5,9.2,12.3,92.0,58,São Paulo,SP,Sudeste,-23.5505,-46.6333
2025-07-28T19:00,10.1,9.7,13.3,87.0,57,São Paulo,SP,Sudeste,-23.5505,-46.6333
2025-07-28T20:00,10.6,10.2,13.6,82.0,51,São Paulo,SP,Sudeste,-23.5505,-46.6333
2025-07-28T21:00,12.8,12.3,11.1,82.0,48,São Paulo,SP,Sudeste,-23.5505,-46.6333
2025-07-28T22:00,11.1,10.7,10.8,78.0,46,São Paulo,SP,Sudeste,-23.5505,-46.6333
2025-07-28T23:00,9.0,8.7,10.3,73.0,43,São Paulo,SP,Sudeste,-23.5505,-46.6333
2025-07-29T00:00,6.7,6.5,9.8,67.0,41,São Paulo,SP,Sudeste,-23.5505,-46.6333
2025-07-29T01:00,5.4,5.2,9.0,61.0,41,São Paulo,SP,Sudeste,-23.5505,-46.6333
2025-07-29T02:00,5.5,5.3,8.1,55.0,41,São Paulo,SP,Sudeste,-23.5505,-46.6333
2025-07-29T03:00,6.2,6.0,7.6,50.0,41,São Paulo,SP,Sudeste,-23.5505,-46.6333
2025-07-29T04:00,6.7,6.5,8.0,46.0,42,São Paulo,SP,Sudeste,-23.5505,-46.6333
2025-07-29T05:00,7.1,7.0,8.8,43.0,43,São Paulo,SP,Sudeste,-23.5505,-46.6333
2025-07-29T06:00,7.7,7.5,9.4,43.0,43,São Paulo,SP,Sudeste,-23.5505,-46.6333
2025-07-29T07:00,9.6,9.5,9.5,48.0,43,São Paulo,SP,Sudeste,-23.5505,-46.6333
2025-07-29T08:00,9.3,9.2,9.3,56.0,43,São Paulo,SP,Sudeste,-23.5505,-46.6333
2025-07-29T09:00,5.5,5.4,8.9,67.0,44,São Paulo,SP,Sudeste,-23.5505,-46.6333
2025-07-29T10:00,5.0,4.9,7.4,75.0,43,São Paulo,SP,Sudeste,-23.5505,-46.6333
2025-07-29T11:00,4.6,4.6,5.4,86.0,43,São Paulo,SP,Sudeste,-23.5505,-46.6333
2025-07-29T12:00,4.4,4.2,3.9,94.0,42,São Paulo,SP,Sudeste,-23.5505,-46.6333
2025-07-29T13:00,4.0,3.9,2.5,97.0,42,São Paulo,SP,Sudeste,-23.5505,-46.6333
2025-07-29T14:00,3.7,3.5,1.7,97.0,41,São Paulo,SP,Sudeste,-23.5505,-46.6333
2025-07-29T15:00,3.4,3.2,3.9,92.0,40,São Paulo,SP,Sudeste,-23.5505,-46.6333
2025-07-29T16:00,3.3,3.2,11.1,78.0,39,São Paulo,SP,Sudeste,-23.5505,-46.6333
2025-07-29T17:00,4.1,4.0,21.4,59.0,40,São Paulo,SP,Sudeste,-23.5505,-46.6333
2025-07-29T18:00,10.3,10.1,31.5,42.0,39,São Paulo,SP,Sudeste,-23.5505,-46.6333
2025-07-29T19:00,16.1,15.7,40.8,29.0,37,São Paulo,SP,Sudeste,-23.5505,-46.6333
2025-07-29T20:00,19.7,19.3,49.9,18.0,39,São Paulo,SP,Sudeste,-23.5505,-46.6333
2025-07-29T21:00,21.9,21.5,57.1,9.0,41,São Paulo,SP,Sudeste,-23.5505,-46.6333
2025-07-29T22:00,24.5,23.9,61.7,4.0,43,São Paulo,SP,Sudeste,-23.5505,-46.6333
2025-07-29T23:00,27.0,26.4,64.5,1.0,46,São Paulo,SP,Sudeste,-23.5505,-46.6333
2025-07-30T00:00,29.1,28.5,66.3,0.0,50,São Paulo,SP,Sudeste,-23.5505,-46.6333
2025-07-30T01:00,30.2,29.4,67.1,0.0,52,São Paulo,SP,Sudeste,-23.5505,-46.6333
2025-07-30T02:00,30.3,29.5,66.9,0.0,54,São Paulo,SP,Sudeste,-23.5505,-46.6333
2025-07-30T03:00,30.0,29.2,66.6,1.0,56,São Paulo,SP,Sudeste,-23.5505,-46.6333
2025-07-30T04:00,28.3,27.4,67.9,0.0,57,São Paulo,SP,Sudeste,-23.5505,-46.6333
2025-07-30T05:00,27.8,26.8,69.0,0.0,59,São Paulo,SP,Sudeste,-23.5505,-46.6333
2025-07-30T06:00,27.7,26.5,66.0,3.0,61,São Paulo,SP,Sudeste,-23.5505,-46.6333
2025-07-30T07:00,31.1,29.8,55.3,20.0,62,São Paulo,SP,Sudeste,-23.5505,-46.6333
2025-07-30T08:00,33.3,31.4,40.5,43.0,64,São Paulo,SP,Sudeste,-23.5505,-46.6333
2025-07-30T09:00,16.5,14.0,20.5,63.0,65,São Paulo,SP,Sudeste,-23.5505,-46.6333
2025-07-30T10:00,15.2,12.5,16.6,73.0,66,São Paulo,SP,Sudeste,-23.5505,-46.6333
2025-07-30T11:00,15.1,12.3,11.2,86.0,67,São Paulo,SP,Sudeste,-23.5505,-46.6333
2025-07-30T12:00,15.3,12.4,7.3,98.0,67,São Paulo,SP,Sudeste,-23.5505,-46.6333
2025-07-30T13:00,15.8,13.0,5.3,109.0,68,São Paulo,SP,Sudeste,-23.5505,-46.6333
2025-07-30T14:00,16.5,13.6,4.6,119.0,69,São Paulo,SP,Sudeste,-23.5505,-46.6333
2025-07-30T15:00,16.8,14.0,6.8,120.0,69,São Paulo,SP,Sudeste,-23.5505,-46.6333
2025-07-30T16:00,16.9,14.3,13.2,108.0,70,São Paulo,SP,Sudeste,-23.5505,-46.6333
2025-07-30T17:00,17.3,14.8,22.4,88.0,71,São Paulo,SP,Sudeste,-23.5505,-46.6333
2025-07-30T18:00,19.7,17.7,31.6,69.0,72,São Paulo,SP,Sudeste,-23.5505,-46.6333
2025-07-30T19:00,23.2,21.2,40.7,52.0,73,São Paulo,SP,Sudeste,-23.5505,-46.6333
2025-07-30T20:00,25.9,23.9,49.7,35.0,73,São Paulo,SP,Sudeste,-23.5505,-46.6333
2025-07-30T21:00,23.2,21.5,52.8,27.0,73,São Paulo,SP,Sudeste,-23.5505,-46.6333
2025-07-30T22:00,24.7,22.9,54.2,25.0,73,São Paulo,SP,Sudeste,-23.5505,-46.6333
2025-07-30T23:00,25.7,23.9,56.0,22.0,73,São Paulo,SP,Sudeste,-23.5505,-46.6333
2025-07-31T00:00,26.2,24.2,56.6,20.0,73,São Paulo,SP,Sudeste,-23.5505,-46.6333
2025-07-31T01:00,28.0,25.4,55.0,20.0,73,São Paulo,SP,Sudeste,-23.5505,-46.6333
2025-07-31T02:00,29.0,25.9,52.1,21.0,73,São Paulo,SP,Sudeste,-23.5505,-46.6333
2025-07-31T03:00,28.8,25.3,49.6,22.0,72,São Paulo,SP,Sudeste,-23.5505,-46.6333
2025-07-31T04:00,28.0,24.3,48.5,21.0,72,São Paulo,SP,Sudeste,-23.5505,-46.6333
2025-07-31T05:00,27.2,23.5,47.8,20.0,72,São Paulo,SP,Sudeste,-23.5505,-46.6333
2025-07-31T06:00,26.3,22.8,45.6,24.0,71,São Paulo,SP,Sudeste,-23.5505,-46.6333
2025-07-31T07:00,27.8,24.5,40.9,37.0,71,São Paulo,SP,Sudeste,-23.5505,-46.6333
2025-07-31T08:00,28.3,25.4,34.7,55.0,71,São Paulo,SP,Sudeste,-23.5505,-46.6333
2025-07-31T09:00,19.6,16.9,24.3,71.0,70,São Paulo,SP,Sudeste,-23.5505,-46.6333
2025-07-31T10:00,18.4,15.4,19.7,85.0,70,São Paulo,SP,Sudeste,-23.5505,-46.6333
2025-07-31T11:00,17.8,14.6,13.4,104.0,71,São Paulo,SP,Sudeste,-23.5505,-46.6333
2025-07-31T12:00,17.2,14.1,8.7,119.0,71,São Paulo,SP,Sudeste,-23.5505,-46.6333
2025-07-31T13:00,16.8,13.8,6.2,128.0,71,São Paulo,SP,Sudeste,-23.5505,-46.6333
2025-07-31T14:00,16.5,13.6,5.3,132.0,71,São Paulo,SP,Sudeste,-23.5505,-46.6333
2025-07-31T15:00,16.1,13.2,7.4,128.0,71,São Paulo,SP,Sudeste,-23.5505,-46.6333
2025-07-31T16:00,15.7,12.9,14.3,111.0,71,São Paulo,SP,Sudeste,-23.5505,-46.6333
2025-07-31T17:00,15.7,13.0,24.2,85.0,71,São Paulo,SP,Sudeste,-23.5505,-46.6333
2025-07-31T18:00,17.9,15.7,32.9,62.0,71,São Paulo,SP,Sudeste,-23.5505,-46.6333
2025-07-31T19:00,20.3,18.4,39.1,45.0,71,São Paulo,SP,Sudeste,-23.5505,-46.6333
2025-07-31T20:00,21.9,20.1,44.0,31.0,70,São Paulo,SP,Sudeste,-23.5505,-46.6333
2025-07-31T21:00,17.3,16.2,43.5,24.0,70,São Paulo,SP,Sudeste,-23.5505,-46.6333
2025-07-31T22:00,18.7,17.4,43.5,23.0,70,São Paulo,SP,Sudeste,-23.5505,-46.6333
2025-07-31T23:00,20.2,18.7,43.5,21.0,69,São Paulo,SP,Sudeste,-23.5505,-46.6333
